Title,Description,Channel Name
Amazing Places to visit in Malaysia - Travel Video,"Malaysia is the crowning jewel that lies at the very end of Southeast Asia, jutting out with the Malaccan Straits to meet the islands ...",Joyous Travel
Kuala Lumpur Malaysia Travel Guide 2023 4K,"KUALA LUMPUR, MALAYSIA TRAVEL GUIDE: In this Kuala Lumpur travel tour we explore the whole downtown area, go to Batu ...",Island Hopper TV
Lagu Malaysia Pengantar Tidur - Gerimis Mengundang - Akustik Malaysia Cover Full Album,Lagu Malaysia Pengantar Tidur - Gerimis Mengundang - Akustik Malaysia Cover Full Album Lagu Malaysia Pengantar Tidur ...,Lagu Pengantar Tidur
Sri Pahang FC 1-0 Kelantan United FC | LS8 | Highlights Liga Super 2023,Stefano Brundo muncul wira Sri Pahang FC dengan menjaringkan gol kemenangan pada penghujung perlawanan. Jangan lupa ...,Malaysian Football League
TERUNGKAP‚ùó‚ùóSEPERTI INI SIKAP RAKYAT MALAYSIA TERHADAP ORANG BERKULIT HITAM INI,TERUNGKAP‚ùó‚ùóSEPERTI INI SIKAP RAKYAT MALAYSIA TERHADAP ORANG BERKULIT HITAM INI SELAMAT MENUNAIKAN ...,Elsa Widianti Putri
670 RIBU PASIEN DARI INDONESIA MEMILIH BEROBAT KE MALAYSIA‚ùó‚ùóüò±,670 RIBU PASIEN DARI INDONESIA MEMILIH BEROBAT KE MALAYSIA‚ùó‚ùó   SELAMAT MENUNAIKAN IBADAH PUASA ...,Elsa Widianti Putri
"Salju dan Es Turun di Malaysia Sebabkan Suhu Capai  5 Derajat Celcius, Pendaki Diminta Hati hati",TRIBUN-VIDEO.COM - Salju dan es dilaporkan turun di wilayah Malaysia tepatnya di kawasan Gunung Kinabalu. Akibat turunnya ...,Tribunnews
CEREAL IN MALAYSIA... NASI LEMAK #SHORTS #WOK #MALAYSIA,"If you want to find me, I am probably on one of these platforms showcasing my ‚Äúkungfu‚Äù like Bruce Lee to the Western world!",dimsimlim
‡¶∏‡ßç‡¶¨‡¶™‡ßç‡¶®‡ßá‡¶∞ ‡¶Æ‡¶æ‡¶≤‡ßü‡ßá‡¶∂‡¶ø‡ßü‡¶æ‡ßü ‡¶¨‡¶æ‡¶Ç‡¶≤‡¶æ‡¶¶‡ßá‡¶∂‡¶ø ‡¶∂‡ßç‡¶∞‡¶Æ‡¶ø‡¶ï‡¶¶‡ßá‡¶∞ ‡¶Æ‡¶æ‡¶®‡¶¨‡ßá‡¶§‡¶∞ ‡¶ú‡ßÄ‡¶¨‡¶® | Bangladeshi Workers | Malaysia | Channel 24,malaysia #bangladeshiworkers #channel24news #channel24 ‡¶∏‡¶∞‡¶ï‡¶æ‡¶∞ ‡¶®‡¶ø‡¶∞‡ßç‡¶ß‡¶æ‡¶∞‡¶ø‡¶§ ‡¶ñ‡¶∞‡¶ö‡ßá‡¶∞ ‡¶ö‡ßá‡¶Ø‡¶º‡ßá ‡¶¶‡¶ø‡¶§‡ßá ...,Channel 24
Why I Chose Malaysia vs. Singapore,Get Our Help: https://nomadcapitalist.com/apply/ Join Our Email List and be the First to Hear about Breaking News and Exciting ...,Nomad Capitalist
Sorotan Perlawanan: Malaysia 2 - 0 Hong Kong | Perlawanan Persahabatan Antarabangsa Tier 1,AstroArena #MASHKG Facebook: http://www.facebook.com/astroarenasukan Twitter: http://twitter.com/astroarena Instagram: ...,Astro Arena
‡§Æ‡§≤‡•á‡§∂‡§ø‡§Ø‡§æ ‡§ú‡§æ‡§®‡•á ‡§∏‡•á ‡§™‡§π‡§≤‡•á ‡§µ‡•Ä‡§°‡§ø‡§Ø‡•ã ‡§ú‡§∞‡•Ç‡§∞ ‡§¶‡•á‡§ñ‡•á // Interesting Facts About Malaysia in Hindi,Today we are going to show you amazing and interesting facts about Malaysia and it's Tourist places in Hindi. #Malaysia ...,Touropedia Hindi
‡¶ñ‡¶∞‡¶ö ‡¶ï‡¶Æ‡¶õ‡ßá ‡¶Æ‡¶æ‡¶≤‡ßü‡ßá‡¶∂‡¶ø‡ßü‡¶æ ‡¶ï‡¶≤‡¶ø‡¶Ç ‡¶≠‡¶ø‡¶∏‡¶æ‡¶∞ || Malaysia Calling Visa Update 2023 | Calling Visa Update | Malaysia,‡¶ñ‡¶∞‡¶ö ‡¶ï‡¶Æ‡¶õ‡ßá ‡¶Æ‡¶æ‡¶≤‡¶Ø‡¶º‡ßá‡¶∂‡¶ø‡¶Ø‡¶º‡¶æ ‡¶ï‡¶≤‡¶ø‡¶Ç ‡¶≠‡¶ø‡¶∏‡¶æ‡¶∞ || Malaysia Calling Visa Update 2023 | Calling Visa Update ...,Business Tips 360
"Crazy Nightlife in Kuala Lumpur, Malaysia üá≤üáæ",Join this channel to get access to perks: https://bit.ly/3RCC4Sx Ways that can you support the channel! :) - Paypal: ...,Travelwithchris
THE GOLDEN AGE OF MALAYSIA,Discover why Malaysia may continue to prosper under Prime Minister Anwar Ibrahim and how his policies and political approach ...,Behind Asia
10 Best Places to Visit in Malaysia - Travel Video,Check out all the places seen in this video: https://www.touropia.com/best-places-to-visit-in-malaysia/ If countries were awarded ...,touropia
"Kuala Lumpur, Malaysia - Earth Timelapse","Timelapse is a global, zoomable video that shows how our planet has changed since 1984. Available for the first time in Google ...",Google Earth
‡¶Æ‡¶æ‡¶≤‡¶Ø‡¶º‡ßá‡¶∂‡¶ø‡¶Ø‡¶º‡¶æ‡¶Ø‡¶º ‡¶¨‡¶æ‡¶Ç‡¶≤‡¶æ‡¶¶‡ßá‡¶∂ ‡¶•‡ßá‡¶ï‡ßá ‡¶®‡¶§‡ßÅ‡¶® ‡¶ï‡¶∞‡ßç‡¶Æ‡ßÄ ‡¶®‡¶ø‡ßü‡ßã‡¶ó ‡¶∏‡ßç‡¶•‡¶ó‡¶ø‡¶§! | Bangladeshi Workers | Malaysia | Somoy TV,"bangladeshiworkers #workers #labour #malaysia #somoytv For now, Malaysia will not take any more workers from Bangladesh.",SOMOY TV
"ASEAN Memanas, China Ancam Serang Malaysia Dan Filipina - Ri Ga Usah Ikut ikutan",Amanda channel ini menyajikan berita terbaru hari ini / berita militer terkini secara gamblang tentang militer indonesia ataupun ...,Amanda Chanel
Malaysiaüá≤üáæ visit visa update||Malaysia job||Malaysia k halat#Malikzaheerawan,Malaysia     visit visa update||Malaysia job||Malaysia k halat#Malikzaheerawan.,Malik Zaheer Awan
"2023 Porsche Cayenne CKD in Malaysia /// Tax Rebate RM205,000 // better than X5 ?",PorscheMalaysia #Cayenne #porsche #‰øùÊôÇÊç∑#‰øùÊó∂Êç∑#Âç°ÂÆ¥#cayenne #porschecayenne #simedarby #sdap #cayennes ...,Tai Choo Yee Êà¥Á•ñÂÑÑ
Why I love Malaysia,Get Our Help: https://nomadcapitalist.com/apply/ Join Our Email List and be the First to Hear about Breaking News and Exciting ...,Nomad Capitalist
‡¶®‡¶§‡ßÅ‡¶® ‡¶ï‡¶∞‡ßç‡¶Æ‡ßÄ ‡¶®‡¶ø‡ßü‡ßã‡¶ó‡ßá‡¶∞ ‡¶Ö‡¶®‡ßÅ‡¶Æ‡ßã‡¶¶‡¶® ‡¶¶‡¶ø‡¶ö‡ßç‡¶õ‡ßá ‡¶®‡¶æ ‡¶Æ‡¶æ‡¶≤‡ßü‡ßá‡¶∂‡¶ø‡ßü‡¶æ | Malaysia New Recruit Heldup | Jamuna TV,‡¶®‡¶§‡ßÅ‡¶® ‡¶®‡¶ø‡¶Ø‡¶º‡ßã‡¶ó ‡¶Ü‡¶¨‡ßá‡¶¶‡¶® ‡¶∏‡ßç‡¶•‡¶ó‡¶ø‡¶§ ‡¶ï‡¶∞‡¶æ ‡¶π‡¶≤‡ßá‡¶ì ‡¶ï‡¶∞‡ßç‡¶Æ‡ßÄ ‡¶®‡ßá‡¶Ø‡¶º‡¶æ ‡¶¨‡¶®‡ßç‡¶ß ‡¶ï‡¶∞‡ßá‡¶®‡¶ø ...,Jamuna TV
"&#39;Muhyiddin banyak masalah sekarang, ...Malaysia tak tolak ansur isu perairan‚Äô",Kerajaan sekali lagi menegaskan tidak akan bertolak ansur berhubung isu perairan Laut China Selatan yang kini menjadi ...,Harian Metro
WHY I MOVED TO MALAYSIA AND LEFT EUROPE | MALAYSIA IS A MUCH SAFER COUNTRY TO LIVE INÔøº,"In this video, I am explaining why I choose to move to Malaysia, and why I think Malaysia is better to live in then Sweden and ...",My Great Escape And Hijra
Sorotan Perlawanan: Malaysia 1 - 0 Turkmenistan | Perlawanan Persahabatan Antarabangsa Tier 1,AstroArena #Malaysia Facebook: http://www.facebook.com/astroarenasukan Twitter: http://twitter.com/astroarena Instagram: ...,Astro Arena
Malaysia To Dump US Dollar? | China Backs ‚ÄúAsian Monetary Fund‚Äù | Vantage with Palki Sharma,Malaysia To Dump US Dollar? | China Backs ‚ÄúAsian Monetary Fund‚Äù | Vantage with Palki Sharma The world continues to dump ...,Firstpost
Lagu Malaysia Pengantar Tidur ||Tiara ||  Gerimis Mengundang ||LAGU MALAYSIA POPULER TERKINI 2023,Lagu Malaysia Pengantar Tidur ||Tiara || Gerimis Mengundang ||LAGU MALAYSIA POPULER TERKINI 2023 Lagu Malaysia ...,Hits Songs
Lagu malaysia lama populer  - cover lagu malaysia - lagu pengantar tidur,Lagu malaysia lama populer - cover lagu malaysia - lagu pengantar tidur Enjoy Musik... [00:00:00] - 01. Rindu Serindu-Rindunya ...,Lagu Pengantar Tidur
‡∂∏‡∑ê‡∂Ω‡∑ö‡∑É‡∑í‡∂∫‡∑è ‡∑Ä‡∑ì‡∑É‡∑è ‡∂¢‡∑ì‡∑Ä‡∂± ‡∑Ä‡∑í‡∂∫‡∂Ø‡∂∏‡∑ä ‡∂ª‡∑ê‡∂ö‡∑í‡∂∫‡∑è ‡∂á‡∂≠‡∑î‡∂Ω‡∑î ‡∑É‡∑í‡∂∫‡∂Ω‡∑î‡∂∏ ‡∑Ä‡∑í‡∑É‡∑ä‡∂≠‡∂ª | malaysia country about sinhala,Malaysia country about sinhala online Visa | living cost ‡∂ª‡∑î‡∂∏‡∑ö‡∂±‡∑í‡∂∫‡∑è ‡∂ª‡∑ê‡∂ö‡∑í‡∂∫‡∑è https://youtu.be/mfXgrXoql8U ...,IAM lanka
"Malaysia MH370, o Document√°rio da Netflix e minha teoria",Use o cupom LITO12 e ganhe 12% de desconto em todo o site da Insider: https://bit.ly/KitTechTshirt_AvioesEMusicas Malaysia ...,Avi√µes e M√∫sicas
Thomas Arya feat Fany Zee - Aku Terhina Kau Menderita (Official Music Video),Lagu Terbaru Thomas Arya ft Fany Zee Aku Terhina Kau Menderita Artist: Thomas Arya ft Fany Zee Title : Aku Terhina Kau ...,Thomas Arya
"‡¶™‡¶æ‡¶Æ ‡¶¨‡¶æ‡¶ó‡¶æ‡¶® Malaysia Company Job Salary | ‡¶ñ‡¶®‡ßç‡¶§‡¶ø ‡¶¶‡¶ø‡¶Ø‡¶º‡ßá potong buah, Palm Oil Pokok Proning","‡¶™‡¶æ‡¶Æ ‡¶¨‡¶æ‡¶ó‡¶æ‡¶® Malaysia Company Job Salary | ‡¶ñ‡¶®‡ßç‡¶§‡¶ø ‡¶¶‡¶ø‡¶Ø‡¶º‡ßá potong buah, Palm Oil Pokok Proning Malaysia Palm ...",ABDULLAH VLOG
Koleksi Lagu Malaysia LAWAS Terpopuler &amp; Terbaik Sepanjang Masa - Lagu Malaysia Lama,Koleksi Lagu Malaysia LAWAS Terpopuler & Terbaik Sepanjang Masa - Lagu Malaysia Lama https://youtu.be/Z0gYSop5knA ...,1000 Reasons
Travel To Malaysia | History Documentary In Urdu And Hindi | Spider Tv | ŸÖŸÑÿßÿ¶ÿ¥€åÿß ⁄©€å ÿ≥€åÿ±,"Malaysia is a Southeast Asian country occupying parts of the Malay Peninsula and the island of Borneo. It's known for its beaches, ...",Spider Tv
"Malaysia Supports ASEAN&#39;s Neutrality, Upholds One-China Principle: PM Anwar",Malaysia's Prime Minister Datuk Seri Anwar Ibrahim said that Malaysia has been supporting the neutral position of the Association ...,CCTV Video News Agency
I met and talked to the KING of MALAYSIA üá≤üáæ *our craziest travel story yet*,This was an unexpected day to say the least I (Madie) got to meet and talk to the KING OF MALAYSIA! He honestly was so kind ...,Kyle and Madie
ACOUSTIC MALAYSIA | ENAK DI DENGAR | SLOW ROCK | MUSIC SANTAI,Terimakasih Sudah Menonton Dan Mendengarkan @MusiKHalu Jangan lupa Like Dan Subscribe ya guys!!! NB : Jangan lupa ...,MusiKHaluKu
MALAYSIA CUTS ‚úÇÔ∏è ‚úÇÔ∏è @KMilaRose_ HAIR PRANK AND SEE WHAT @KinigraDeon DOES! #mustwatch,"malaysia&rakiyah WHAT'S YOUTUBE WELCOME TO OUR CHANNEL MAKE SURE YALL LIKE, COMMENT AND ...",MALAYSIA & RA'KIYAH
Lagu Malaysia Pengantar Tidur || Gerimis Mengundang || Cover Lagu || Akustik full album.,Lagu Malaysia Pengantar Tidur || Gerimis Mengundang || Cover Lagu || Akustik full album. Lagu Malaysia Pengantar Tidur ...,Hits Songs
#WatsonsRaya2023 - Rahsia Gaya Raya üîéüåô,"[WATSONS RAYA VIDEO 2023] #WatsonsMalaysia mempersembahkan filem #WatsonsRaya2023, Rahsia Gaya ...",Watsons Malaysia
"Lagu Malaysia | Lagu Malaysia Menyentuh Hati | Lagu Slow Rock Terbaik 80,90an","Lagu Malaysia | Lagu Malaysia Menyentuh Hati | Lagu Slow Rock Terbaik 80,90an ...",Sky Music
Lagu Malaysia Terbaru 2023 | Thomas Arya Feat Iqa Nizam Full Album Terbaik | Izinkan,Lagu Malaysia Terbaru 2023 | Thomas Arya Feat Iqa Nizam Full Album Terbaik | Izinkan https://youtu.be/ODWDqGcI0K4 ...,Blog Musik
Babar Onekdiner Eche Puro Holo ü§©‚ù§Ô∏è Singapore to Malaysia Road Trip üòç,insideout #banglavlog #familyvlog insideOut Official Email Id insideout.vlog.official@gmail.com Please Join Us on Facebook ...,insideOut
Ini Kata Media Indonesia Saat Meliput Kuliner Khas Berbuka Puasa di Malaysia,DON'T FORGET TO SUBSCRIBE FOR MORE VIDEOS ‚ñªPLEASE LEAVE A THUMBS UP AND COMMENT DOWN BELOW ...,About Sastra
Lagu Malaysia Slow Rock Terbaik dan Terpopuler Nostalgia 90an Tanpa Iklan,Lagu Malaysia Slow Rock Terbaik dan Terpopuler Nostalgia 90an Tanpa Iklan Lagu Malaysia Slow Rock Terbaik dan Terpopuler ...,Best Music
Dato Sri Aliff Syukri - Chu Ku Chuk Raya [Official Music Video]  Penyanyi No 1 Malaysia,TV Terlajak Laris Official YouTube Channel Subscribe YouTube TV Terlajak Laris ‚ñ∑ http://www.tvterlajaklaris.my Visit My Website ...,TV Terlajak Laris
"LANGKAWI: Malaysia&#39;s #1 ISLAND Travel guide, A NATURE WONDER - Beaches, Animals &amp; ALL Sights in 4K","The island of Langkawi is a paradise with a tropical rainforest full of monkeys, tropical birds, reptiles and natural wonders.",Wout of the World
Malaysia Shocking Incident | Attack On Imam During Pray | BOL News,Malaysia Shocking Incident | Attack On Imam During Pray | BOL News #malaysia #taraweeh #imam #attack #shorts malaysia ...,BOL News
Lagu Malaysia Pengantar Tidur || Gerimis Mengundang || Cover Lagu || Akustik full album.,Lagu Malaysia Pengantar Tidur || Gerimis Mengundang || Cover Lagu || Akustik full album. Lagu Malaysia Pengantar Tidur ...,Hits Songs
"Malaysia Gesa UNSC Pastikan Israel Bertanggungjawab | Buletin Utama, 6 April 2023","Buletin Utama siaran Khamis, 6 April 2023 bersama penyampai Asrulnizam Kadir dan Azwaliza Azman.",Buletin TV3
KETIKA MALAYSIA JADI PERHATIAN DUNIA‚ùóBETAPA BANGGANYA QORI MESIR INI,KETIKA MALAYSIA JADI PERHATIAN DUNIA‚ùóBETAPA BANGGANYA QORI MESIR INI SELAMAT MENUNAIKAN IBADAH ...,Elsa Widianti Putri
Lagu Malaysia Slow Rock Terbaik dan Terpopuler Nostalgia 90an Tanpa Iklan -Album Slow Rock Malaysia,Lagu Malaysia Slow Rock Terbaik dan Terpopuler Nostalgia 90an Tanpa Iklan -Album Slow Rock Malaysia Lagu Malaysia Slow ...,TH MUZIK
ÊãØÊïëÊñ∞ÊùëÂ§ß‰ΩúÊàò! ÂéüÊù•ÈáåÈù¢ÊúâÂ•ΩÂ§öÂÆùËóèÔºÅ„ÄêMALAYSIA BOLEH EP4„Äë,Áúã‰∫ÜËäÇÁõÆÔºåÊòØ‰∏çÊòØÂØπÊñ∞ÊùëÊõ¥Âä†ÊÑüÂÖ¥Ë∂£‰∫ÜÂë¢Ôºü Â¶ÇÊûúÊòØÁöÑËØùÔºåÊ¨¢ËøéÂèÇ‰∏éÂç≥Â∞ÜÂú®4Êúà7Âè∑Âà∞9Âè∑Âú®Pavillion Bukit Jalil The PiazzaËøõË°åÁöÑÈõ™Â∑û ...,BBK Network
AVI√ÉO DA MALAYSIA QUE SUMIU  | Cortes do Ci√™ncia Sem Fim,LITO SOUSA [AVI√ïES E M√öSICAS] - Ci√™ncia Sem Fim #04 https://youtu.be/fcdDbBJ-abc.,Cortes do Ci√™ncia Sem Fim [OFICIAL]
‡¶Æ‡¶æ‡¶≤‡¶Ø‡¶º‡ßá‡¶∂‡¶ø‡¶Ø‡¶º‡¶æ‡¶Ø‡¶º ‡¶¨‡¶æ‡¶ô‡¶æ‡¶≤‡¶ø‡¶¶‡ßá‡¶∞ ‡¶¨‡¶æ‡¶π‡¶æ‡¶∞‡¶ø ‡¶á‡¶´‡¶§‡¶æ‡¶∞! | Iftar Arrangement in Malaysia | Expatriate | Rmadan |SomoyTV,iftar #expatriate #bangladeshi #malaysia #eidfestival #ramadan #somoytv ‡¶™‡¶¨‡¶ø‡¶§‡ßç‡¶∞ ‡¶∞‡¶Æ‡¶ú‡¶æ‡¶® ‡¶è‡¶≤‡ßá‡¶á ...,SOMOY TV
Lagu Malaysia Pengantar Tidur ||Tiara ||  Gerimis Mengundang ||LAGU MALAYSIA POPULER TERKINI 2023,Lagu Malaysia Pengantar Tidur ||Tiara || Gerimis Mengundang ||LAGU MALAYSIA POPULER TERKINI 2023 Lagu Malaysia ...,Hits Songs
Lagu Malaysia Pengantar Tidur ||Tiara ||  Gerimis Mengundang ||LAGU MALAYSIA POPULER TERKINI 2023,Lagu Malaysia Pengantar Tidur ||Tiara || Gerimis Mengundang ||LAGU MALAYSIA POPULER TERKINI 2023 Lagu Malaysia ...,Hits Songs
MALEZYAüá≤üáæACƒ∞LEN Gƒ∞Rƒ∞≈û YAPTIM !!,MALEZYA    ACƒ∞LEN Gƒ∞Rƒ∞≈û YAPTIM !! Malezya'dan herkese selamlar.. Bu b√∂l√ºmde Malezya'ya giri≈ü yapƒ±yoruz ve yeni bir √ºlke ...,Berkoo
‡∂∏‡∑ê‡∂Ω‡∑ö‡∑É‡∑í‡∂∫‡∑è ‡∑Ä‡∑ì‡∑É‡∑è ‡∂¢‡∑ì‡∑Ä‡∂± ‡∑Ä‡∑í‡∂∫‡∂Ø‡∂∏‡∑ä ‡∂ª‡∑ê‡∂ö‡∑í‡∂∫‡∑è ‡∂á‡∂≠‡∑î‡∂Ω‡∑î ‡∑É‡∑í‡∂∫‡∂Ω‡∑î‡∂∏ ‡∑Ä‡∑í‡∑É‡∑ä‡∂≠‡∂ª | malaysia country about sinhala,Malaysia country about sinhala online Visa | living cost ‡∂ª‡∑î‡∂∏‡∑ö‡∂±‡∑í‡∂∫‡∑è ‡∂ª‡∑ê‡∂ö‡∑í‡∂∫‡∑è https://youtu.be/mfXgrXoql8U ...,IAM lanka
Malaysiaüá≤üáæ work visa start,Malaysia     work visa start.,Malik Zaheer Awan
[BM] 2023 PMSL SEA W3D5 | Spring | SIAPAKAH SANG RAJA PMSL SEA LEAGUE?,Pertempuran peringkat SEA kembali dengan format dan nama baharu! 20 pasukan professional PUBG Mobile dari seluruh Asia ...,PUBG MOBILE Malaysia
‡≤®‡≥ã‡≤°‡≥ç‡≤∞‡≤ø ‡≤®‡≥ã‡≤°‡≥ç‡≤∞‡≤ø ‡≤Æ‡≤≤‡≥á‡≤∑‡≤ø‡≤Ø üòç| Kuala Lumpur | Twin Towers | Malaysia | Dr Bro,"Namskara this is my Malaysian vlog,Indians will get visa on arrival for Malaysia but,you cannot fly directly from India to Malaysia ...",Dr Bro
Orang dari seluruh dunia #berhijrah ke #Malaysia! Apakah #persepsi orang asing tentang Malaysia?,Orang dari seluruh dunia semuanya berhijrah ke #Malaysia! Apakah persepsi orang asing tentang Malaysia? Dalam beberapa ...,Abang Mindset_Knowledge (Minda_Pengetahuan)
"Malaysia Mengusir Singapura Dari Federasi, Ini Alasannya","Malaysia Mengusir Singapura Dari Federasi, Ini Alasannya #Geografyi #Malaysia #Singapura ...",Geografyi
I found my favorite shop at Bazar Ramadan in Malaysia!,USJ4 Bazar Ramadan ‚Üíhttps://goo.gl/maps/nfMN7r8ZtXTzM1h67 ‚≠êÔ∏èWe renewed iChang FaceBook Page 2023!,iChang RM
Best Bangla to Malay - Online Malay by Bengali - Malaysian to Bangladesh - Spoken Malay,Best Bangla to Malay .Online Malay by Bengali Malaysian to Bangladesh - Spoken Malay First Malay online class Malay words list ...,Alamin707
5 Game Yang Haram Di Malaysia!,Inilah senarai game yang diharamkan di Malaysia.,RAZDANIEL
"‡¶ñ‡¶∞‡¶ö ‡¶≤‡¶æ‡¶ñ ‡¶≤‡¶æ‡¶ñ ‡¶ü‡¶æ‡¶ï‡¶æ, ‡¶§‡¶¨‡ßá ‡¶ï‡ßá‡¶® ‡¶Æ‡¶æ‡¶≤‡ßü‡ßá‡¶∂‡¶ø‡ßü‡¶æ ‡¶•‡ßá‡¶ï‡ßá ‡¶´‡¶ø‡¶∞‡ßá ‡¶Ü‡¶∏‡¶æ ? | Malaysia | Labour Market | Ekattor TV","‡¶ñ‡¶∞‡¶ö ‡¶≤‡¶æ‡¶ñ ‡¶≤‡¶æ‡¶ñ ‡¶ü‡¶æ‡¶ï‡¶æ, ‡¶§‡¶¨‡ßá ‡¶ï‡ßá‡¶® ‡¶Æ‡¶æ‡¶≤‡¶Ø‡¶º‡ßá‡¶∂‡¶ø‡¶Ø‡¶º‡¶æ ‡¶•‡ßá‡¶ï‡ßá ‡¶´‡¶ø‡¶∞‡ßá ‡¶Ü‡¶∏‡¶æ ? #malaysia #labour_market ...",Ekattor TV
O MIST√âRIO DO MALAYSIA MH-370 EP. 297,Sobre as recentes not√≠cias do desaparecimento do Boeing 777 da Malaysia Airlines ‚úà Contato Comercial: ...,Avi√µes e M√∫sicas
Lagu Malaysia Menyentuh Hati - Koleksi Lagu Malaysia LAWAS Terpopuler &amp; Terbaik Sepanjang Masa,Lagu Malaysia Menyentuh Hati - Koleksi Lagu Malaysia LAWAS Terpopuler & Terbaik Sepanjang Masa ...,Sky Music
"Indonesia Dicoret Dari Hibah Alutsista Jepang, Hibah Berfokus Pada Malaysia Dan Bangladesh",Amanda channel ini menyajikan berita terbaru hari ini / berita militer terkini secara gamblang tentang militer indonesia ataupun ...,Amanda Chanel
Lagu Malaysia Pengantar Tidur || Gerimis Mengundang || Cover Lagu || Akustik full album.,Lagu Malaysia Pengantar Tidur || Gerimis Mengundang || Cover Lagu || Akustik full album. Lagu Malaysia Pengantar Tidur ...,Hits Songs
Bazar Ramadan TTDI - Bazar Paling KAYANGAN di Malaysia!,"Kali ini, Fendi berada di Bazar Ramadan TTDI pula! Bazar ini terkenal sebagai Bazar Kayangan oleh disebabkan juadah-juadah ...",DESTINASI TV
counyryhumas Indonesiaüá≤üá® -JepangüáØüáµ- Chinaüá®üá≥-dan- Malaysiaüá≤üáæ,,Kumpulan Tik Tok
Mengapa Malaysia Terbagi Menjadi 2 Bagian?,Mengapa Malaysia Terbagi Menjadi 2 Bagian? #Geografyi #Malaysia #NegaraMalaysia ...,Geografyi
Lagu Malaysia Pengantar Tidur ||Tiara ||  Gerimis Mengundang ||LAGU MALAYSIA POPULER TERKINI 2023,Lagu Malaysia Pengantar Tidur ||Tiara || Gerimis Mengundang ||LAGU MALAYSIA POPULER TERKINI 2023 Lagu Malaysia ...,Hits Songs
album tomas arya dan elsa pitaloka terbaru 2023,tomas arya.,Ahmad Ahai official
‡¶Æ‡¶æ‡¶≤‡ßá‡¶∂‡¶ø‡ßü‡¶æ‡¶∞ ‡¶∞‡ßá‡¶∏‡ßç‡¶ü‡ßÅ‡¶∞‡ßá‡¶®‡ßç‡¶ü‡ßá‡¶∞ ‡¶ï‡¶æ‡¶ú | ‡¶ï‡¶≤‡¶ø‡¶Ç ‡¶≠‡¶ø‡¶∏‡¶æ‡ßü ‡¶Ü‡¶∏‡¶§‡ßá ‡¶ö‡¶æ‡ßü‡¶≤‡ßá ‡¶¶‡ßá‡¶ñ‡ßÅ‡¶®üôè| Malaysia Restaurent Work | Calling Visa,‡¶Æ‡¶æ‡¶≤‡ßá‡¶∂‡¶ø‡¶Ø‡¶º‡¶æ‡¶∞ ‡¶∞‡ßá‡¶∏‡ßç‡¶ü‡ßÅ‡¶∞‡ßá‡¶®‡ßç‡¶ü‡ßá‡¶∞ ‡¶ï‡¶æ‡¶ú | ‡¶ï‡¶≤‡¶ø‡¶Ç ‡¶≠‡¶ø‡¶∏‡¶æ‡¶Ø‡¶º ‡¶Ü‡¶∏‡¶§‡ßá ‡¶ö‡¶æ‡¶Ø‡¶º‡¶≤‡ßá ‡¶¶‡ßá‡¶ñ‡ßÅ‡¶®  | ...,Tazim Bhai Always 
Making my Subscriber‚Äôs country üåü Malaysia üá≤üáæ,malaysiaartist #malaysia #rubikscube Making the Malaysian flag out of 435 Rubik's cubes! Check out my socials Instagram: ...,SoupTimmy
Dato Sri Aliff Syukri - Chu Ku Chuk Raya [Official Music Video]  Penyanyi No 1 Malaysia,TV Terlajak Laris Official YouTube Channel Subscribe YouTube TV Terlajak Laris ‚ñ∑ http://www.tvterlajaklaris.my Visit My Website ...,TV Terlajak Laris
Malaysia To Dump US Dollar? | China Backs ‚ÄúAsian Monetary Fund‚Äù | Vantage with Palki Sharma,Malaysia To Dump US Dollar? | China Backs ‚ÄúAsian Monetary Fund‚Äù | Vantage with Palki Sharma The world continues to dump ...,Firstpost
"Kurangi Ketergantungan Dolar AS, China dan Malaysia Bahas Pembentukan Asian Monetary Fund","Mengutip dari Bloomberg, Selasa (4/4/2023), Perdana Menteri Malaysia Anwar Ibrahim mengatakan dia mengusulkan ...",Bisniscom
Cerita Radja Alami Pengancaman Usai Konser di Malaysia | LAPOR PAK ! (04/04/23) Part 4,"Live Streaming : http://www.sevenhub.id/live === LAPOR PAK! Selasa, 4 April 2023 PART 1 : https://youtu.be/OcOVS8x4vdc PART ...",TRANS7 OFFICIAL
‡¶ï‡ßá‡¶Æ‡¶® ‡¶¶‡ßá‡¶∂ ‡¶Æ‡¶æ‡¶≤‡¶Ø‡¶º‡ßá‡¶∂‡¶ø‡¶Ø‡¶º‡¶æ | ‡¶Æ‡¶æ‡¶≤‡ßü‡ßá‡¶∂‡¶ø‡ßü‡¶æ ‡¶¶‡ßá‡¶∂‡ßá‡¶∞ ‡¶Ö‡¶¶‡ßç‡¶≠‡ßÅ‡¶§ ‡¶è‡¶¨‡¶Ç ‡¶Ö‡¶ú‡¶æ‡¶®‡¶æ ‡¶§‡¶•‡ßç‡¶Ø | All about Malaysia in Bengali,"‡¶®‡¶æ‡¶®‡¶æ ‡¶ß‡¶∞‡ßç‡¶Æ, ‡¶¨‡¶∞‡ßç‡¶£ ‡¶Ü‡¶∞ ‡¶®‡¶æ‡¶®‡¶æ ‡¶∏‡¶Ç‡¶∏‡ßç‡¶ï‡ßÉ‡¶§‡¶ø‡¶∞ ‡¶∏‡¶æ‡¶•‡ßá ‡¶Æ‡¶ø‡¶∂‡ßá ‡¶ó‡¶ø‡¶Ø‡¶º‡ßá‡¶õ‡ßá ‡¶è‡¶Æ‡¶® ‡¶è‡¶ï‡¶ü‡¶ø ‡¶¶‡ßá‡¶∂ ...",Brittanto-‡¶¨‡ßÉ‡¶§‡ßç‡¶§‡¶æ‡¶®‡ßç‡¶§
[BM] 2023 PMSL SEA W3D4 | Spring | SAAT TERAKHIR MEMUTUSKAN SEMUANYA,Pertempuran peringkat SEA kembali dengan format dan nama baharu! 20 pasukan professional PUBG Mobile dari seluruh Asia ...,PUBG MOBILE Malaysia
Tiada sebab mengapa Malaysia terus bergantung kepada dolar - PM,"Tiada sebab mengapa negara seperti Malaysia terus bergantung kepada dolar, kata Perdana Menteri, Datuk Seri Anwar Ibrahim.",Astro AWANI
Malaysia New Demand in Nepal 2023 // assembly services sdn bhd Malaysia,Malaysia New Demand in Nepal 2023 // assembly services sdn bhd Malaysia #baideshikrojgar #jobvacancy #malaysia ...,international job vacancy
Ini Yang Malaysia Lakukan Kepada MUALAF di Negara Mereka,DON'T FORGET TO SUBSCRIBE FOR MORE VIDEOS ‚ñªPLEASE LEAVE A THUMBS UP AND COMMENT DOWN BELOW ...,About Sastra
"Going to Kulllllaammmpurrr , Malaysia- ‡¶´‡ßÅ‡ß∞‡¶ø‡¶¨ ‡¶Ö‡¶≤‡¶™ üòú",going to malesia vlog.,Dimpu's Vlogs
"Lagu Malaysia | Lagu Malaysia Menyentuh Hati | Lagu Slow Rock Terbaik 80,90an","Lagu Malaysia | Lagu Malaysia Menyentuh Hati | Lagu Slow Rock Terbaik 80,90an ...",Sky Music
2023 Toyota Vios 1.5G // Full Review in Malaysia // Genting Run Èõ≤È†ÇÂ±±Ë∑ØÊ∏¨Ë©¶,"Follow : https://www.instagram.com/taichooyee Estimated Price List : Toyota Vios 1.5E A/T RM89,600 1.5G  A/T RM95,500 ...",Tai Choo Yee Êà¥Á•ñÂÑÑ
Lagu Malaysia terbaik rock slow ‚ù§Ô∏è full album Nostalgia 90an ‚ù§Ô∏è tanpa iklan,lagu Malaysia terbaik rock slow 2021 lagu Malaysia 90 an lagu Isabella 98 lagu buih jadi permadani lagu suci dalam debu lagu ...,New Musik Entertainment
40 LAGU JIWANG MELAYU 2023 - LAGU JIWANG 80AN DAN 90AN TERBAIK - LAGU SLOW ROCK MALAYSIA,KOLEKSI JIWANG 80AN DAN 90AN TERBAIK - LAGU 40 LAGU2 JIWANG 80AN - 90AN - LAGU SLOW ROCK MALAYSIA ...,Apollo FM
Yes Malaysia Lyrics,,LAB LAB
Malaysia Food üç≤ ‡•§ ‡®Æ‡®≤‡©á‡®∏‡®º‡©Ä‡®Ü ‡®¶‡®æ ‡®ñ‡®æ‡®£‡®æ ‡•§ VLOG  450 ‡•§ Bhai Gagandeep Singh,Thank you for watching Bhai Gagandeep Singh: Booking Contact: +91 99013 99013 If you want to Support our Channel ...,Bhai Gagandeep Singh
FULL ALBUM Pilihan EYE | Lagu Malaysia Sedih | Kumpulan Lagu-lagu Populer Dan Terbaik,FULL ALBUM Pilihan EYE | Lagu Malaysia Sedih | Kumpulan Lagu-lagu Populer Dan Terbaik #SedihPaling #eyelagumalaysia ...,Muzik Terhebat
Imperial Malaysia edit #imperial #malaysia #edit,,RANDOM SOVIET BALL [owner of S.M.R.E.P]
MALAYSIA Visa news march 2023üëâ VISA ‡§ï‡§¨ ‡§ñ‡•Å‡§≤‡•á‡§ó‡§æ üëâ‡§ï‡•ã‡§®‡§∏‡§æ ‡§ï‡§æ‡§Æ ‡§Ö‡§ö‡•ç‡§õ‡§æ ‡§π‡•àüëâ2 manina ‡§π‡•Å‡§Ü ‡§µ‡•Ä‡§ú‡§æ ‡§ï‡§æüëâdetails ‡§ú‡§µ‡§æ‡§¨,MALAYSIA Visa news march 2023   VISA ‡§ï‡§¨ ‡§ñ‡•Å‡§≤‡•á‡§ó‡§æ ‡§ï‡•ã‡§®‡§∏‡§æ ‡§ï‡§æ‡§Æ ‡§Ö‡§ö‡•ç‡§õ‡§æ ‡§π‡•à  2 manina ‡§π‡•Å‡§Ü ‡§µ‡•Ä‡§ú‡§æ ...,Jk channel 
KUERDAS COVER (LYRICS) - YES MALAYSIA/I. P. O. T. S,KUERDAS ACOUSTIC COVER - YES MALAYSIA Watch the official Video : https://youtu.be/PKZuyLYl80Y KZuyLYl80Y ¬∞ Follow ...,Rainbow Lyrics
PDRM FC 1-2 Sri Pahang FC | LS7 | Highlights Liga Super 2023,Sri Pahang FC raih kemenangan tipis ke atas PDRM FC menerusi jaringan Baqiuddin Shamsudin dan Kpah Sherman pada ...,Malaysian Football League
ALBUM TERBAIK üíô  TANPA IKLAN üíô  SLOW ROCK SEPANJANG MASA   SALEM IKLIM MALAYSIA üíô  ENAK DI DENGAR,ALBUM TERBAIK TANPA IKLAN SLOW ROCK SEPANJANG MASA SALEM IKLIM MALAYSIA ENAK DI DENGAR ALBUM ...,Lagu NSR
TERNYATA BEGINI PENAMPAKAN ZONA NETRAL PERBATASAN INDONESIA MALAYSIA DI ENTIKONG KALIMANTAN BARAT,Ini adalh kelanjutan video nebeng-nebeng kami dari pontianak menuju perbatasan indonesia malaysia yang ada di entikong ...,Buyung Tanjung
PUTRAJAYA MALAYSIA KOTA YG BERSIH DAN MAJU apakah ikn kalimantan indonesia akan seperti ini nanti,Putrajaya atau nama penuhnya Wilayah Persekutuan Putrajaya ialah pusat pentadbiran Kerajaan Persekutuan Malaysia yang ...,Oby Saputra69
Lagu Malaysia Sepenjang Masa - Lagu Lama Malaysia Terpopuler Sampai Sekarang - Koleksi Lagu LAWAS,Lagu Malaysia Sepenjang Masa - Lagu Lama Malaysia Terpopuler Sampai Sekarang - Koleksi Lagu LAWAS ‚óã Saya ucapkan ...,1000 Reasons
Lagu Malaysia Menyentuh Hati - Koleksi Lagu Malaysia LAWAS Terpopuler &amp; Terbaik Sepanjang Masa,Lagu Malaysia Menyentuh Hati - Koleksi Lagu Malaysia LAWAS Terpopuler & Terbaik Sepanjang Masa ...,Sky Music
Rekomendasi Nasi Lemak Ayam Goreng di Malaysia üá≤üáæ,,Erwin Putra
‡∂∏‡∑ê‡∂Ω‡∑ö‡∑É‡∑í‡∂∫‡∑è‡∑Ä‡∑ö ‡∂á‡∑Ä‡∑í‡∂Ω‡∑ä‡∂Ω‡∑è ‡∂ú‡∑ú‡∂© ‡∂∫‡∂±‡∑ä‡∂± ‡∂¥‡∑î‡∂Ω‡∑î‡∑Ä‡∂±‡∑ä‡∂Ø? | How to Succeed in Malaysia |A Guide for Sri Lankans,‡∂ú‡∑ú‡∂©‡∂ö‡∑ä ‡∂Ø‡∑ô‡∂±‡∑ô‡∂ö‡∑ä ‡∂Ö‡∑Ñ‡∂±‡∑Ä‡∂±‡∑ö ‡∂∏‡∑ê‡∂Ω‡∑ö‡∑É‡∑í‡∂∫‡∑è‡∑Ä‡∑ö ‡∂á‡∑Ä‡∑í‡∂Ω‡∑ä‡∂Ω‡∑è ‡∂â‡∂≠‡∑î‡∂ª‡∑î ‡∂ö‡∂ª‡∂ú‡∂±‡∑ä‡∂± ‡∂¥‡∑î‡∂Ω‡∑î‡∑Ä‡∂±‡∑ä‡∂Ø ...,Kucha's Vlogs
MENGEJUTKAN !! Ini Alasan Mengapa APPLE Luput Dari Indonesia Dan Lebih Memilih Malaysia,DON'T FORGET TO SUBSCRIBE FOR MORE VIDEOS ‚ñªPLEASE LEAVE A THUMBS UP AND COMMENT DOWN BELOW ...,About Sastra
Lagu Malaysia Pengantar Tidur ||Tiara ||  Gerimis Mengundang ||LAGU MALAYSIA POPULER TERKINI 2023,Lagu Malaysia Pengantar Tidur ||Tiara || Gerimis Mengundang ||LAGU MALAYSIA POPULER TERKINI 2023 Lagu Malaysia ...,Hits Songs
"First Impressions of Kuala Lumpur, Malaysia! | We Didn&#39;t EXPECT THIS! üá≤üáæ","Today is our first day in the country of Malaysia as we flew into Kuala Lumpur. So in this video, we will be giving our first ...",TriFate Lifestyle
FILM HOROR MALAYSIA FULL- MUNAFIK (2016 - 720p),"FILM MUNAFIK WAJIB TONTON KHUSUS MUSLIM Film ini mengisahkan seorang lelaki yang diuji keimanannya, dengan ...",Sabrina Aljabrie
Malaysia World Cup History (1962 - 2022)üá≤üáæ #shorts #football #worldcup,,El-Soccer‚öΩÔ∏è
Fon lipat paling murah di Malaysia! - HONOR Magic Vs,"Paling murah, paling nipis, skrin paling besor On tak on? (Sponsored) HONOR website: https://bit.ly/HONORDualFlagshipTaeku ...",Taeku
countryhumans malaysia  indonesia philippines singapore brunei üá≤üáæüáÆüá©üáµüá≠üá∏üá¨üáßüá≥,,@japan1467
Sarawak vs Johor | Malaysian states comparison  #shorts #onlyeducation #viral #malaysia #philippines,,CubturXD
LAGU SLOW ROCK MALAYSIA 80-90AN - LAGU JIWANG 80AN DAN 90AN TERBAIK - KOLEKSI LAGU JIWANG LEGANDA,LAGU JIWANG 80AN DAN 90AN TERBAIK - LAGU SLOW ROCK MALAYSIA 80-90AN - KOLEKSI LAGU JIWANG LEGANDA ...,Apollo FM
xqc becomming uncanny meme(malaysia yellow volkswagen urban legend) #shorts #xqc #memes #malaysia,,Anak Perantau
KONTRAK STY DISETUJUI! FIFA puji Erick Thohir~Malaysia singgung Timnas SEA Games~Jordi Amat bereaksi,"BERITA BOLA TERBARU DAN TERUPDATE DARI GARUDA SPACE - Berita Bola Hari Senin, 10 April 2023 : KONTRAK STY ...",GARUDA SPACE
((LIVE)) Dialog Bersama Majlis Perwakilan Pelajar UiTM Se-Malaysia,Kredit : FB Anwar Ibrahim Ikuti berita-berita MalaysiaGazette di MGFlash #MalaysiaGazette #MGFlash #MGNews.,MalaysiaGazette TV
üî¥ Review | U19 Vi·ªát Nam - U19 Malaysia | Gi·∫£i U19 ƒê√¥ng Nam √Å,Review | U19 Vi·ªát Nam - U19 Malaysia | Gi·∫£i U19 ƒê√¥ng Nam √Å.,B√≥ng ƒê√° Today
Malaysia ƒê·∫•t N∆∞·ªõc Gi√†u C√≥ H√†ng ƒê·∫ßu Khu V·ª±c,"psmh #malaysia Malaysia ƒê·∫•t N∆∞·ªõc Gi√†u C√≥ H√†ng ƒê·∫ßu Khu V·ª±c Nh√≥m FB n·ªõi c√°c b·∫°n ƒë√≥ng g√≥p √Ω ki·∫øn, ·ªßng h·ªô b√†i vi·∫øt cho ...",PSMH
"PINAY HELPER, TINAKASAN SI MALAYSIAN!",GOOD NEWS MGA IDOL! ‚ö†Ô∏è Bukas na pong muli ang ACTION CENTER ng RAFFY TULFO IN ACTION para sa mga walk-in ...,Raffy Tulfo in Action
Malaysia Home Tour üè† | Nostalgic Memories ü•π | King Prithiveeraj,Hey everyone! What makes a house truly a home? Here's a lush green-facing villa of my friend in Malaysia where I stay. I wake up ...,King Prithiveeraj
Akustik Slow Rock Malaysia 90an Terbaik - Akustik Lagu Melayu - Lagu Terbaik 90an - Akustik Cover,Akustik Slow Rock Malaysia 90an Terbaik - Akustik Lagu Melayu - Lagu Terbaik 90an - Akustik Cover ...,TH MUZIK
Bazar Ramadan Putrajaya 2023 | Bazaar Ramadhan Kuala Lumpur | Malaysia Street Food | ÂêâÈöÜÂù°ÈõÜÂ∏ÇÊñãÊàíÊúà,"Bazaar Ramadhan Putrajaya | Presint 3 Bazaar Ramadhan at Putrajaya Presint 3 Kuala Lumpur Malaysia Hi, thanks for watching ...",Food Hunting
LANGSUNG : Persidangan Dewan Rakyat 04 April 2023 | Sesi Pagi,,PARLIMEN MALAYSIA
MALAYSIA (ANG WILD),AlagangBiogesic #AlagangUnilab DOWNLOAD AND FOLLOW ME ON KUMU!   https://app.kumu.ph/ViyCortez VIYLINE ...,Viy Cortez
Everything I ate for $7 in Malaysia! #foodie #malaysia #malaysianfood #shorts #streetfood #eating,,KarissaEats
"China continues to be Malaysia&#39;s largest trading partner, says Tengku Zafrul","International Trade and Industry Minister Tengku Datuk Seri Zafrul Aziz told CNBC on Thursday (April 6) that Malaysia is ""back on ...",The Star
PETRONAS Malaysia Open 2023 | Watanabe/Higashino (JPN) vs. Puavaranukroh/Taerattanachai (THA) | SF,PETRONAS Malaysia Open 2023 | Super 1000 Mixed Doubles | Semifinals Watanabe/Higashino (JPN) [3] vs.,BWF TV
15 best SlowRock lagu malaysia populer,"15 lagu bergenre slowrock malaysia terbaik sepanjang masa,dengan musisi musisi terbaik. Iklim, Slam, Exist, Uks, Stings, Screen ...",DPR MUSIK LAGI
Hanya Satu Persinggahan - Iklim | Lagu Malaysia Paling Enak Cover Harry Parintang,"Jangan lupa untuk subscribe channel Album Musik, like dan share vidio ini ke teman-teman kalian ya. Tulis komentar kamu di ...",appoeiB
The Future of Cross-Border Connectivity: RTS Link Malaysia - Singapore Update,Overview development progress and advantages of RTS Link Progress from Johor Bahru to Woodlands North in Singapore.,SCM Southern Corridor Malaysia
Fakta - Soalan &amp; Jawapan Tentang Black Hawk Malaysia,Fakta - Soalan & Jawapan Tentang Black Hawk Malaysia Kenapa beli heli pengangkut ? Kenapa tak beli heli tempur ? Kenapa ...,Uniforms Channel
"Australia Athletics Open 2023 Brisbane 4x100m Men - Malaysia (Zul,Jon,Haiqal, Khairul) Won! 39.96s!!",,Fikri Fahmi
Only eating street food for a full day in Malaysia! #foodie #shorts #malaysia #noodles #eating,,KarissaEats
‡¶Æ‡¶æ‡¶≤‡¶Ø‡¶º‡ßá‡¶∂‡¶ø‡¶Ø‡¶º‡¶æ ‡¶¨‡¶∞‡ßç‡¶§‡¶Æ‡¶æ‡¶®‡ßá ‡¶´‡¶æ‡¶∞‡ßç‡¶®‡¶ø‡¶ö‡¶æ‡¶∞ ‡¶ï‡ßã‡¶Æ‡ßç‡¶™‡¶æ‡¶®‡¶ø‡¶§‡ßá ‡¶ï‡¶æ‡¶ú ‡¶Ü‡¶õ‡ßá ‡¶ï‡¶ø‡¶®‡¶æ ‡¶ú‡ßá‡¶®‡ßá ‡¶®‡¶ø‡¶® l Malaysia Furniture Company,‡¶Æ‡¶æ‡¶≤‡¶Ø‡¶º‡ßá‡¶∂‡¶ø‡¶Ø‡¶º‡¶æ ‡¶¨‡¶∞‡ßç‡¶§‡¶Æ‡¶æ‡¶®‡ßá ‡¶´‡¶æ‡¶∞‡ßç‡¶®‡¶ø‡¶ö‡¶æ‡¶∞ ‡¶ï‡ßã‡¶Æ‡ßç‡¶™‡¶æ‡¶®‡¶ø‡¶§‡ßá ‡¶ï‡¶æ‡¶ú ‡¶Ü‡¶õ‡ßá ‡¶ï‡¶ø‡¶®‡¶æ ‡¶ú‡ßá‡¶®‡ßá ‡¶®‡¶ø‡¶® l ...,Sazid Vlog Bangla TV
ORANG MELAYU DAH ROSAK *MALAYSIA* | LADANG ALAM WARISAN *REALITY* (MALAYSIA 2023),https://bit.ly/40eEv1o Program Panahan 2.0 utk Seisi Keluarga Apa itu Program Panahan 2.0 ni? Ia adalah satu program yg ...,PrinceMeed LIVE!
5 KISAH SERAM RIDER GRAB DAN FOODPANDA PALING MENAKUTKAN DI MALAYSIA (PART2),PAID REVIEW OR PROMOTION CONTACT instagram: @top5_malaysia email : top5malaysia1@gmail.com Kredit ...,TOP 5 MALAYSIA
Verrell Bramasta Bakal Boyong Ivan Fadilla dan Venna Melinda liburan ke Malaysia,Verrell Bramasta Bakal Boyong Ivan Fadilla dan Venna Melinda liburan ke Malaysia Verrell Bramasta selalu punya akal untuk ...,Suaradotcom
6 Negeri Terbesar Di Malaysia,"6 Negeri Terbesar Di Malaysia, 6, enam, six, negeri paling besar di Malaysia largest state in Malaysia Luas, biggest Sarawak ...",AdikTaw
learn malaysian language | malay language course | bangla to malaysia,learn #malaysian language. #malay_language course. bangla to malaysia in this video about .... - malaysia language - malay to ...,Arbi Bhasha
"MALAYSIA TAMIL NEWS 5PM 05.04.23 Loh&#39;s ex-husband was fined RM 20,000 for contempt of court",MALAYSIATAMILNEWS #TAMILNEWS #THISAIGALTV #THISAIGALTAMILNEWS.,Thisaigal TV Malaysia
Lagu Malaysia Pengantar Tidur | TIARA - Slow musik melayu malaysia | Lagu Malaysia Lama Populer,Lagu Malaysia Pengantar Tidur | TIARA - Slow musik melayu malaysia | Lagu Malaysia Lama Populer Lagu Malaysia Pengantar ...,Hits Songs
Bazar Ramadan TTDI 2023 | Bazaar Ramadhan Kuala Lumpur | Malaysia Street Food | ÂêâÈöÜÂù°ÈõÜÂ∏ÇÊñãÊàíÊúà,"Bazaar Ramadhan TTDI | Taman Tun Dr Ismail Bazaar Ramadhan at TTDI Kuala Lumpur Malaysia Hi, thanks for watching and ...",Food Hunting
Lagu Rock Kapak Malaysia 90an - Lagu Lama Malaysia Populer 90an - Lagu Jiiwang Slow Rock,Lagu Rock Kapak Malaysia 90an - Lagu Lama Malaysia Populer 90an - Lagu Jiiwang Slow Rock https://youtu.be/fTCyrkW9cMg ...,1000 Reasons
Selangor FC 2-1 Negeri Sembilan FC | LS7 | Highlights Liga Super 2023,Herold Goulon meletakkan Negeri Sembilan di hadapan namun Selangor bangkit untuk tiga mata penuh menerusi jaringan ...,Malaysian Football League
Album Slow Rock ¬© Gustrian Geno,"Gustrian Geno Album Seleksi Album Seleksi Gustrian Geno, Slow Rock Terbaru Gustrian Geno, lagu gustrian geno terbaru, lagu ...",Athan MTV
Lagu Malaysia Pengantar Tidur || Gerimis Mengundang || Cover Lagu || Akustik full album.,Lagu Malaysia Pengantar Tidur || Gerimis Mengundang || Cover Lagu || Akustik full album. Lagu Malaysia Pengantar Tidur ...,Hits Songs
Lagu Malaysia Pengantar Tidur || Gerimis Mengundang || Cover Lagu || Akustik full album.,Lagu Malaysia Pengantar Tidur || Gerimis Mengundang || Cover Lagu || Akustik full album. Lagu Malaysia Pengantar Tidur ...,Hits Songs
FULL Malaysia reggae version,,yo man tone
Iskandar Malaysia Studios: Mengukuh ekosistem industri kreatif tempatan,Industri kreatif berkembang maju dengan inovasi dan kreativiti. Bagaimana pemain industri dapat mengukuhkan ekosistem ...,Astro AWANI
Malaysia and philippines relationship #history #malaysia #philippines #sabah #war #sabahwar,,‰∫ÆLiang
"Dalam Sepiku Kaulah Candaku, Korban Perasaan - Andra Respati &amp; Elsa Pitaloka TANPA IKLAN","Dalam Sepiku Kaulah Candaku, Korban Perasaan - Andra Respati & Elsa Pitaloka TANPA IKLAN, Dalam Sepiku Kaulah ...",Slow Rock Entertainment
LAGU MALAYSIA ORIGINAL | ERA 90an | EXIST BAND | FULL ALBUM | LAGU JIWANG SLOWROCK,,Apa Aja Upload
KUMPULAN LAGU MALAYSIA REGGAE SKA COVER,KUMPULAN#LAGU#MALAYSIA#REGGAE#SKA #COVER.,DUNIA live Channel
Chuy·∫øn bay gi·∫£i c·ª©u: Ng∆∞·ªùi m√£n h·∫°n t√π t·ª´ Malaysia ph·∫£i tr·∫£ 1 kho·∫£n ph√≠ l·ªõn m·ªõi ƒë∆∞·ª£c v·ªÅ Vi·ªát Nam,"CafeLand | Qu√° tr√¨nh t·ªï ch·ª©c 8 chuy·∫øn bay gi·∫£i c·ª©u ƒë∆∞a c√¥ng d√¢n t·ª´ Malaysia v·ªÅ n∆∞·ªõc, c·ª±u ƒê·∫°i s·ª© Tr·∫ßn Vi·ªát Th√°i v√† c√°n b·ªô thu ...",CAFELAND
Inside Malaysia&#39;s Smallest House | Romantic Villa House tour | Tiny Garden Home,"WELCOME TO DESIGN SEED! Jamaliah, the owner of the villa wanted to build a romantic honeymoon villa for her daughter's ...",Design Seed
Satu Nama Tetap Di Hati - Lagu Malaysia Kegemaran 90an -  Lagu Kenangan Sepanjang Masa,Satu Nama Tetap Di Hati - Lagu Malaysia Kegemaran 90an - Lagu Kenangan Sepanjang Masa ‚ò¢ Muzik Terhebat   ...,Muzik Terhebat
66.4 billion! Singapore is in panic  China and Malaysia jointly built Huangjing Port?,"""The group will undertake the construction of the deep-water port project in Huangjing Port, Malacca, Malaysia. The total ...",Hot Topics Time
This is the closest place to heaven in Malaysia...,"""Tiong Trove Family Farm""   https://www.instagram.com/tiongtrove/ ‚≠êÔ∏èiChang's FaceBook Page ...",iChang RM
‡¶Ø‡ßÅ‡¶¨‡¶ï‡¶¶‡ßá‡¶∞ ‡¶ï‡¶æ‡¶õ‡ßá ‡¶∏‡ßç‡¶¨‡¶™‡ßç‡¶®‡ßá‡¶∞ ‡¶¶‡ßá‡¶∂ ‡¶Æ‡¶æ‡¶≤‡ßü‡ßá‡¶∂‡¶ø‡ßü‡¶æ||Malaysia üá≤üáæ Is A Dream Country For Young People||,‡¶Ø‡ßÅ‡¶¨‡¶ï‡¶¶‡ßá‡¶∞ ‡¶ï‡¶æ‡¶õ‡ßá ‡¶∏‡ßç‡¶¨‡¶™‡ßç‡¶®‡ßá‡¶∞ ‡¶¶‡ßá‡¶∂ ‡¶Æ‡¶æ‡¶≤‡¶Ø‡¶º‡ßá‡¶∂‡¶ø‡¶Ø‡¶º‡¶æ||Malaysia Is A Dream Country For Young ...,Jana Ajana
"Prime ministers of Singapore, Malaysia and Spain arrive in Beijing","For more: https://www.cgtn.com/video The prime ministers of Singapore, Malaysia and Spain have arrived in Beijing. The leaders ...",CGTN
Lagu Slow Rock Terbaik 90an | Koleksi Lagu Kenangan Terpopular || Lagu Malaysia Menyentuh Hati,Lagu Slow Rock Terbaik 90an | Koleksi Lagu Kenangan Terpopular || Lagu Malaysia Menyentuh Hati ...,Sky Music
Lagu Malaysia Menyentuh Terbaik | Lagu Slow Rock Terbaik 90an | Koleksi Lagu Kenangan Terpopular,Lagu Malaysia Menyentuh Terbaik | Lagu Slow Rock Terbaik 90an | Koleksi Lagu Kenangan Terpopular ...,Sky Music
Lagu Malaysia terbaik rock slow - Full album Nostalgia 90an - Akustik Slow Rock,Lagu Malaysia terbaik rock slow - full album Nostalgia 90an - Akustik Slow Rock Lagu Malaysia terbaik rock slow - full album ...,Hits Songs
Yang mana bendera MALAYSIA? #shorts,,Heyru Official
Kelakar Juga Wife Fizo Omar - Family Feud Malaysia - EP3,Selalu tengok gelagat artis je dalam TV kan. Tapi kadang-kadang ahli keluarga yang lain yang lagi kelakar. Siapa sangka kan?,Astro Gempak
Album terbaru Thomas Arya feat Fani Zee 2022 kebahagian yang sirna,Album terbaru Thomas Arya feat Fani Zee 2022 kebahagian yang sirna ------------------------------------------------------- musik lagu ...,Dunia Musik 
CINA INDONESIA TIDAK MAU DI PANGGIL CINA‚ùóCINA MALAYSIA SUKA BANGET ‚ùó MALAYSIA REACTION,CINA INDONESIA TIDAK MAU DI PANGGIL CINA‚ùóCINA MALAYSIA SUKA BANGET ‚ùó MALAYSIA REACTION #lebahstudio ...,Razlee Studio
TOP 15 NEGARA YANG MENYUKAI MALAYSIA THN 2023 #puasapertama #janganlupasubscribe #shorts,,TIFAN X BHIZER
Seribu Kali Sayang - Elma feat Bening musik cover Lagu malaysia terbaik,Seribu Kali Sayang - Elma feat Bening musik cover Lagu malaysia terbaik Seribu Kali Sayang - Elma feat Bening musik cover ...,T-MUSIC
countryhumans Indonesia Malaysia Amerika dan Jepang [Anyangnya mana] #countryhumans #fyp„Ç∑ #short,,‚òÖTEAM INDONESIA EDITZ‚òÖ
"MALAYSIA TAMIL NEWS 1PM 05.04.23 Retired teachers lost over RM500,000 to scam phone calls",,Thisaigal TV Malaysia
#WatsonsRaya2023 - Rahsia Gaya Raya üîéüåô,"[WATSONS RAYA VIDEO 2023] #WatsonsMalaysia mempersembahkan filem #WatsonsRaya2023, Rahsia Gaya ...",Watsons Malaysia
"Thomas Arya Feat Iqa Nizam Full Album Tanpa Iklan 2023 - Izinkan, Ku Disini Untuk Mu","Thomas Arya Feat Iqa Nizam Full Album Tanpa Iklan 2023 - Izinkan, Ku Disini Untuk Mu https://youtu.be/Lw_GSZMMKQE ...",Blog Musik
SERANGAN MASJID AL-AQSA |¬†Malaysia Gesa UNSC Pastikan Israel Bertanggungjawab,"Malaysia menggesa komuniti antarabangsa khususnya majlis keselamatan pertubuhan bangsa-bangsa bersatu, UNSC ...",Buletin TV3
Babar Onekdiner Eche Puro Holo ü§©‚ù§Ô∏è Singapore to Malaysia Road Trip üòç,insideout #banglavlog #familyvlog insideOut Official Email Id insideout.vlog.official@gmail.com Please Join Us on Facebook ...,insideOut
lagu malaysia paling enak pengantar tidur,,RKSM-MUSIK-KU17
Perbandingkan Indonesia Dengan 3 Malaysia,"Perbandingkan Indonesia Dengan 3 Malaysia luas indonesia adalah 1,9 juta km¬≤ kilometer persegi sedangkan luas 3 malaysia ...",Willyhamzah2
Full Album Lagu Malaysia Pengantar Tidur Harry Parintang | Hanya Satu Persinggahan | Terbaru,Full Album Lagu Malaysia Pengantar Tidur Harry Parintang | Hanya Satu Persinggahan | Buih Jadi Permadani | Gerimis ...,A Record
Lagu Malaysia Pengantar Tidur || Gerimis Mengundang || Cover Lagu || Akustik full album.,Lagu Malaysia Pengantar Tidur || Gerimis Mengundang || Cover Lagu || Akustik full album. Lagu Malaysia Pengantar Tidur ...,Hits Songs
Malaysia Shopping Vlog | A Day in a Shopping Mall | ‡∑É‡∑í‡∂Ç‡∑Ñ‡∂Ω Vlog | Malaysia üá≤üáæ | Malaysia Open 2022,"Hello Guys, I'm sharing how we spent our last day in Malaysia in this video. We went to Berjaya Shopping mall and bought many ...",Minute After Freedom
KUMPULAN LAGU ROCK MALAYSIA LAGENDA - LAGU JIWANG 80AN DAN 90AN TERBAIK - SLOW ROCK MALAYSIA,APOLLO FM #APOLLOFM #LaguBandLegenda #LaguSlowRock ...,Apollo FM
Lagu Malaysia Pengantar Tidur || Gerimis Mengundang || Cover Lagu || Akustik full album.,Lagu Malaysia Pengantar Tidur || Gerimis Mengundang || Cover Lagu || Akustik full album. Lagu Malaysia Pengantar Tidur ...,Hits Songs
SPIN Full Album Hits Kenangan Abadi 90an - 2000an| Koleksi Lagu Malaysia Lama Populer Sepanjang Masa,lagumalaysia #slowrock #lagujiwang #lagumelayu #lagunostalgia #LaguKenangan SPIN Full Album Hits Kenganan Abadi 90an ...,Lagu Lagu Best
Tempat Makan Best Ayam Terpedas di Malaysia | Richeese Factory Indonesia #shorts #shortvideo,,Nazmi Farise
SAMANTHA NAIK PESAWAT KE SINGAPURA PERTAMA KALI BARENG ADEK AUDREY LUAR NEGRI MALAYSIA STICKER VIRAL,SUBSCRIBE DAN DUKUNG CHANNEL AKU TERUS YA...SEMOGA TEMEN TEMEN TERHIBUR Social Media ...,Evelyn Samantha
FULL ALBUM MALAYSIA EXISTS UKS &amp; IKLIM || üé∂ 20 LAGU MALAYSIA PALING TOP TAHUN 90&#39;an üé∂,Assalamu'alaiikum.. wr wb Selamat datang kembali kawan¬≤ setia pecinta slow rock melayu malaysia/indonesia dimanapun anda ...,LIRIK LAGU MELAYU VIRAL
AKU PIKIR RUJAK BUAH TERNYATA BEDA BANGET RUJAK DI MALAYSIA,AKU PIKIR RUJAK BUAH TERNYATA BEDA BANGET RUJAK DI MALAYSIA video tentang suasana seputar di malaysia kali ini ...,toha channel
Malaysia Airlines A350 VS Malindo Air Boeing 737üëçüî•#shorts,,Zahir Spotting
Monkeys Attacked us in Malaysia!,These MONKEYS are INSANE! One Like = One Banana GET EPIC NINJA MERCH ‚û°Ô∏è https://www.ninjakidztvstore.com ...,Bryton Myler
BERITA TIMNAS | Presiden FAM Mengaku Malaysia Beruntung Masuk Grup Neraka di SEA Games 2023,"Presiden FAM (Persatuan Sepak Bola Malaysia), Datuk Hamidin Amin secara tak langsung menilai Malaysia diuntungkan hasil ...",TRIBUN BALI
Jihan Serik Jadi Hos Ke? Terus Jadi Peserta - Family Feud Malaysia,Sebijik la macam dia. Betul ke Jihan ni? Takkan sebab tahun lepas takde kat GV dah merajuk kan? Kelakar betul family yang join ...,Astro Gempak
Lagu Malaysia Lama Populer Terbaik Pilihan 2023 | Kenangan 80an 90an Full Album,Lagu Malaysia Lama Populer Terbaik Pilihan 2023 | Kenangan 80an 90an Full Album Enjoy Musik... 01 . Cinta Itu Buta 02 .,Nova Ardiansyah
"lagu lawas populer Malaysia IKLIM: suci dalam debu, Sheila, sandiwara cinta semusim, bukan aku tak",,IBIT official 
Meet The Malay Archipelago Family #malaysia #indonesia #philippines #shorts #trending #edit #viral,,Anak Perantau
"BERBEZA KASTA - THOMAS ARYA, IPANK, YELSE (FULL ALBUM TERBARU 2020]",THOMAS ARYA - BERBEZA KASTA (FULL ALBUM TERPOPULER) Subscribe to Harris Channel here: ...,Harris Channel
LAGU MALAYSIA PALING SEDIH!!! (CINTA TASIKMALAYA),JANGAN LUPA LIKE KOMEN DAN SUBSCRIBE KOMENTAR MAU DI BUATKAN LAGU APA DI KOLOM KOMENTAR.,FAHMI TV
Malaysia Shopping Vlog | A Day in a Shopping Mall | ‡∑É‡∑í‡∂Ç‡∑Ñ‡∂Ω Vlog | Malaysia üá≤üáæ | Malaysia Open 2022,"Hello Guys, I'm sharing how we spent our last day in Malaysia in this video. We went to Berjaya Shopping mall and bought many ...",Minute After Freedom
Jihan Serik Jadi Hos Ke? Terus Jadi Peserta - Family Feud Malaysia,Sebijik la macam dia. Betul ke Jihan ni? Takkan sebab tahun lepas takde kat GV dah merajuk kan? Kelakar betul family yang join ...,Astro Gempak
Lagu Malaysia Lama Populer Terbaik Pilihan 2023 | Kenangan 80an 90an Full Album,Lagu Malaysia Lama Populer Terbaik Pilihan 2023 | Kenangan 80an 90an Full Album Enjoy Musik... 01 . Cinta Itu Buta 02 .,Nova Ardiansyah
SERANGAN MASJID AL-AQSA |¬†Malaysia Gesa UNSC Pastikan Israel Bertanggungjawab,"Malaysia menggesa komuniti antarabangsa khususnya majlis keselamatan pertubuhan bangsa-bangsa bersatu, UNSC ...",Buletin TV3
"lagu lawas populer Malaysia IKLIM: suci dalam debu, Sheila, sandiwara cinta semusim, bukan aku tak",,IBIT official 
Meet The Malay Archipelago Family #malaysia #indonesia #philippines #shorts #trending #edit #viral,,Anak Perantau
Lagu Malaysia Pengantar Tidur || Gerimis Mengundang || Cover Lagu || Akustik full album.,Lagu Malaysia Pengantar Tidur || Gerimis Mengundang || Cover Lagu || Akustik full album. Lagu Malaysia Pengantar Tidur ...,Hits Songs
"BERBEZA KASTA - THOMAS ARYA, IPANK, YELSE (FULL ALBUM TERBARU 2020]",THOMAS ARYA - BERBEZA KASTA (FULL ALBUM TERPOPULER) Subscribe to Harris Channel here: ...,Harris Channel
LAGU MALAYSIA PALING SEDIH!!! (CINTA TASIKMALAYA),JANGAN LUPA LIKE KOMEN DAN SUBSCRIBE KOMENTAR MAU DI BUATKAN LAGU APA DI KOLOM KOMENTAR.,FAHMI TV
MENGEJUTKAN ASIA !! Malaysia Secara Resmi Jadi Pengguna Pertama Pesawat Tampa Pemandu ANKA drone,"Dengan pemilihan Anka, Malaysia menjadi negara Asia Tenggara pertama memilih sistem UAS MALE buatan Turki. Pasaran ...",Tindak Pantas
Jadual Perlawanan Ke-8 Liga Super Malaysia 2023 | Johor Darul Takzim lwn Kedah Darul Aman FC,Jadual Perlawanan Ke-8 Liga Super Malaysia 2023 | Johor Darul Takzim lwn Kedah Darul Aman FC 09 PRIL 2023 Terengganu ...,SNK MALAYSIA
LAGU SANTAI TERBAIK || enak didengar || Lagu Malaysia Cover,Lagu-lagu malaysia enak didengar sambil rebahan dan kerja.,Lirik dan lagu
Lagu Malaysia Pengantar Tidur ||Tiara ||  Gerimis Mengundang ||LAGU MALAYSIA POPULER TERKINI 2023,Lagu Malaysia Pengantar Tidur ||Tiara || Gerimis Mengundang ||LAGU MALAYSIA POPULER TERKINI 2023 Lagu Malaysia ...,Hits Songs
Malaysia Vasudevan Hits | Melodies Top Hits | Vol-1 | Tamil songs | Collection Hits,This Channel Is all About Tamil Latest and Old Songs | Enjoy your Favorite songs Here Please do subscribe for more Songs ...,RH Creations
lagu Malaysia lama populer #shorts full album Malaysia #videoshorts subscribe,LAGU MALAYSIA LAMA POPULER| LAGU MALAYSIA FULL ALBUM TANPA IKLAN LAGU MALAYSIA LAMA POPULER || LAGU ...,HITS BOSQUE
Lagu Malaysia Pengantar Tidur ||Tiara ||  Gerimis Mengundang ||LAGU MALAYSIA POPULER TERKINI 2022,Lagu Malaysia Pengantar Tidur ||Tiara || Gerimis Mengundang ||LAGU MALAYSIA POPULER TERKINI 2022 Lagu Malaysia ...,Hits Songs
Cover Rindiani Lagu Malaysia |  Nostalgia Lagu Malaysia Enak Didengarkan Saat santai,Rindiani Lagu Malaysia | Nostalgia Lagu Malaysia Enak Didengarkan Saat santai #rindiani #malaysia #lagu2023 ...,Bahana PutraTV Chanel
Bazar Ramadan Stadium Shah Alam 2023 | Bazaar Ramadhan Selangor | Malaysia Street Food | ÈõÜÂ∏ÇÊñãÊàíÊúà,"The biggest Bazaar Ramadhan at Stadium Shah Alam Selangor Malaysia. Bazar Ramadan 2023 Hi, thanks for watching and ...",Food Hunting
Perbandingan Malaysia Dengan Singapura,Perbandingan Malaysia Dengan Singapura Malaysia memiliki luas wilayah lebih dari 330 ribu km¬≤ sementara singapura sangat ...,Willyhamzah2
LIVE: Syarahan umum Anwar Ibrahim: Hubungan Strategik Malaysia - Indonesia,"Terima kasih kerana menonton saluran kami! Untuk lebih banyak video seperti ini, anda boleh mengikuti kami di Youtube ...",KiniTV
"Yollanda Feat Arief, Aprilian, Thomas, Elsa Pitaloka - Dalam Sepiku Kaulah Candaku, Tak Sedalam Ini",Mau Glowing ?? Muka Cerah ?? Pakai Ini https://shope.ee/UdyPZptg https://goeco.mobi/Y1LQSZg4 Laptop Murah ...,Slow Rock Entertainment
nepali security guard Reactions!! in Malaysia üá≤üáæ,,Dc Online tv
Mimpi Yang Hilang - Full Album Saleem Iklim - Best Rock Malaysia,Mimpi Yang Hilang - Full Album Saleem Iklim - Best Rock Malaysia Mimpi Yang Hilang - Full Album Saleem Iklim - Best Rock ...,Lagu NSR
Lagu Malaysia - Negaraku (dengan lirik),"Lagu Malaysia, Negaraku dengan lirik.",Malcolm Music
Don‚Äôt make this stupid mistake in KL üòÇ #kualalumpur #malaysia #petronas,,2Passports 1Dream
üá≤üáæ Visiting The Sri Maha Mariamman Temple Kuala Lumpur Malaysia,"Hey, TDD Fam! We're John & Christine. We're now traveling to every country, but it all started with a dream. We first spent three ...",Traveling Deficit Disorder
Exist &amp; iklim Lagu Malaysia pilihan  - Enak di dengar saat kerja,Exist & iklim Lagu Malaysia pilihan - Enak di dengar saat kerja Exist & iklim Lagu Malaysia pilihan - Enak di dengar saat kerja ...,Lagu NSR
Di Malaysia Membawakan Lagu Legendaris Issabela Bersama Amy Search #shorts,"Subscribe, like, comment & share! Di Malaysia Membawakan Lagu Legendaris Issabela Bersama Amy Search #shorts Follow ...",UNGU Band
Lagu Malaysia Terpopuler Sepenjang Masa - Lagu Lama Malaysia Terpopuler Sampai Sekarang,Lagu Malaysia Terpopuler Sepenjang Masa - Lagu Lama Malaysia Terpopuler Sampai Sekarang ‚óã Saya ucapkan banyak ...,1000 Reasons
"‡¶Æ‡¶æ‡¶≤‡ßü‡ßá‡¶∂‡¶ø‡ßü‡¶æ‡¶ó‡¶æ‡¶Æ‡ßÄ ‡¶ï‚Äç‚Äç‚Äç‚Äç‡¶∞‡ßç‡¶Æ‡ßÄ‡¶¶‡ßá‡¶∞ ‡¶Æ‡ßá‡¶°‡¶ø‡¶ï‡ßá‡¶≤‡ßá ‡¶∏‡¶§‚Äç‚Äç‡¶∞‡ßç‡¶ï‡¶§‡¶æ, ‡¶∏‡¶†‡¶ø‡¶ï ‡¶®‡¶ø‡ßü‡¶Æ ‡¶ì ‡¶§‡¶æ‡¶≤‡¶ø‡¶ï‡¶æ ‡¶Æ‡¶®‡ßá ‡¶∞‡¶æ‡¶ñ‡ßÅ‡¶® |Malaysia Medical Center","‡¶Æ‡¶æ‡¶≤‡¶Ø‡¶º‡ßá‡¶∂‡¶ø‡¶Ø‡¶º‡¶æ‡¶ó‡¶æ‡¶Æ‡ßÄ ‡¶ï‚Äç‚Äç‚Äç‚Äç‡¶∞‡ßç‡¶Æ‡ßÄ‡¶¶‡ßá‡¶∞ ‡¶Æ‡ßá‡¶°‡¶ø‡¶ï‡ßá‡¶≤ ‡¶∏‡¶§‚Äç‚Äç‡¶∞‡ßç‡¶ï‡¶§‡¶æ, ‡¶∏‡¶†‡¶ø‡¶ï ‡¶®‡¶ø‡¶Ø‡¶º‡¶Æ ‡¶ì ‡¶§‡¶æ‡¶≤‡¶ø‡¶ï‡¶æ ...",‡¶™‡ßç‡¶∞‡¶¨‡¶æ‡¶∏ ‡¶§‡¶•‡ßç‡¶Ø‡¶ï‡ßá‡¶®‡ßç‡¶¶‡ßç‡¶∞
LAGU MALAYSIA TERPOPULER DAN TERBAIK DI ERA 90 - EXIST - EYE - SLAM - LESTARI - SPOON - SCREEN DLL,Bestlagu malaysia #Terpopuler #Lagukenangan Sepanjang masa #hits lagu Malaysia.,DIVA Channel
5 JALAN PALING KERAS DI MALAYSIA Yang Ramai Perlu Tahu Tahun2023 (Part3),PAID REVIEW OR PROMOTION CONTACT instagram: @top5_malaysia email : top5malaysia1@gmail.com Kredit: ...,TOP 5 MALAYSIA
BELI APA AJA YA DI SEVEL MALAYSIA ?!?,,bobacott
"Janji Investasi di Indonesia, Tesla Malah Masuk ke Malaysia",Produsen kendaraan listrik Tesla dikabarkan membuka kantornya di Malaysia. Padahal selama ini Indonesia tengah merayu ...,CNBC Indonesia
Malaysia&#39;s parliament votes to scrap mandatory death penalty,Malaysia's lower house of parliament has unanimously passed a Bill to abolish the mandatory death penalty. This gives judges ...,CNA
Honda WR-V 2023 | SAH! Masuk Malaysia‚Ä¶,Kita dikejutkan apabila Honda mengumumkan bahawa mereka tidak lagi berminat untuk membawa masuk Honda BR-V tetapi ...,Pandu Laju
KOLEKSI 40 LAGU ROCK KAPAK MALAYSIA 2023 - LAGU JIWANG 80AN DAN 90AN TERBAIK,slowrock KOLEKSI 40 LAGU ROCK KAPAK MALAYSIA 2023 - LAGU JIWANG 80AN DAN 90AN TERBAIK #lagumalaysia ...,107.9 FM
Rating ice creams from 7 Eleven Malaysia üç¶,,biteswithlily
LAGU JIWANG 80AN DAN 90AN TERBAIK - LAGU SLOW ROCK MALAYSIA - KOLEKSI 40 LAGU2 JIWANG 80AN - 90AN,LAGU JIWANG 80AN DAN 90AN TERBAIK - LAGU SLOW ROCK MALAYSIA - KOLEKSI 40 LAGU2 JIWANG 80AN - 90AN ...,Apollo FM
LAGU AKUSTIK MALAYSIA ENAK DIDENGER - Slow musik melayu indonesia  - Cover Lagu Album 2022,LAGU AKUSTIK MALAYSIA ENAK DIDENGER - Slow musik melayu indonesia - Cover Lagu Album 2022 LAGU AKUSTIK ...,Hits Songs
6 Negeri Penduduk Teramai Di Malaysia,6 Negeri Penduduk Teramai Di Malaysia Negeri Penduduk Paling Ramai Di Malaysia Negeri Orang Paling Banyak Di Malaysia ...,AdikTaw
"ƒê·∫¢O ƒê∆Ø·ª¢C L·∫§Y L·∫†I TR∆Ø·ªöC S·ª∞ CHI·∫æM ƒê√ìNG C·ª¶A MALAYSIA, C√îNG VI·ªÜC ƒê·ªòI C·∫¢M T·ª¨ AN BANG | Qƒê.TR∆Ø·ªúNG SA T·∫≠p 9","ƒê·∫¢O ƒê∆Ø·ª¢C L·∫§Y L·∫†I TR∆Ø·ªöC S·ª∞ CHI·∫æM ƒê√ìNG C·ª¶A MALAYSIA, C√îNG VI·ªÜC ƒê·ªòI C·∫¢M T·ª¨ AN BANG | Qƒê.TR∆Ø·ªúNG SA T·∫≠p 9 ...",Nh·ªØng V·∫•n ƒê·ªÅ ƒê·ªãa L√Ω - 5 PH√öT TH√îI
American Reacts to Geography Now! Malaysia,American Reacts to Geography Now! Malaysia In this video we take a look at Malaysia. Original Video: ...,The Eclectic Beard
Inilah yang bikin takut Malaysia terhadap Indonesia !!! - Bossman Mardigu,Walah.. kok malah takut yah? hahaa Official Website di https://bossman.id Like / Follow Social Media Bossman : Instagram: ...,B MEDIA by Bossman Mardigu
Sonia Full Album Tanpa Iklan | Benciku Sangka Sayang | Kau Sebut Namaku | Lagu Malaysia,Sonia Full Album Tanpa Iklan | Benciku Sangka Sayang | Kau Sebut Namaku | Lagu Malaysia Selamat menikmati Kumpulan ...,Karpet Merah Channel
Saleem Iklim - Lagu Rock Malaysia Lama Terbaik - Hanya Satu Persinggahan,Saleem Iklim - Lagu Rock Malaysia Lama Terbaik - Hanya Satu Persinggahan Saleem Iklim - Lagu Rock Malaysia Lama Terbaik ...,Lagu NSR
Exist &amp; iklim Lagu Malaysia pilihan   Enak di dengar saat kerja,Exist & iklim Lagu Malaysia pilihan Enak di dengar saat kerja Exist & iklim Lagu Malaysia pilihan Enak di dengar saat kerja Exist ...,LOVE ME
LEGOLAND Malaysia Brick-or-Treat featuring Monster Party,Join the Monster Party at LEGOLAND Malaysia Resort from October 7th to November 7th 2022! The party kicks off as Monsters ...,LegolandMalaysia
[BM] 2023 PMSL SEA W3D2 | Spring | TERUS BERJUANG DAN JANGAN MENYERAH,Pertempuran peringkat SEA kembali dengan format dan nama baharu! 20 pasukan professional PUBG Mobile dari seluruh Asia ...,PUBG MOBILE Malaysia
BBM VLOG #238: Pagbisita ng Malaysia | Bongbong Marcos,Mabilis at maikli man ang kanilang pagbisita ay tiniyak nating ito ay makahulugan. Ganyan dapat ang pakikipagrelasyon natin sa ...,Bongbong Marcos
"Lagu Malaysia Akustik - Gerimis Mengundang, BUIH JADI PERMADANI , Hampa ,suci dalam debu","Lagu Malaysia Akustik - Gerimis Mengundang, BUIH JADI PERMADANI , Hampa ,suci dalam debu Lagu Malaysia Akustik ...",Hits Songs
5 Jenama Indonesia Yang Terkenal di Malaysia,Merek Indonesia mendunia.,RAZDANIEL
Malaysia prepared to negotiate with China over disputes in South China Sea,Malaysia has said it is prepared to negotiate with China over disputes in the South China Sea. State oil company Petronas ...,CNA
TERHARU BANGET!! Orang Asing Dari Berbagai Negara Berkumpul Di Malaysia Hanya Untuk Ini,DON'T FORGET TO SUBSCRIBE FOR MORE VIDEOS ‚ñªPLEASE LEAVE A THUMBS UP AND COMMENT DOWN BELOW ...,About Sastra
kembalikan anak ituüóøüíî#countryhumans #indonesia #malaysia #philipines,,Bakso022
RAMPAK KENDANG KOPLO PONGDUT JAIPONG - AUDIO JERNIH UENAK POLL - ALBUM MALAYSIA PALING POPULER,RAMPAK KENDANG KOPLO 2023 - AUDIO JERNIH UENAK POLL - ALBUM MALAYSIA PALING POPULER . #pongdut ...,KANE MUSIK
Sidang Media oleh YB Senator Dato&#39; Sri Dr Haji Mohamad Ali bin Haji Mohamad | 10 April 2023,Pembentangan Penyata Jawatankuasa Pilihan Khas Kesejahteraan Rakyat.,PARLIMEN MALAYSIA
Jennifer Reveals BIG NEWS About Malaysia ü§Ø üì∞ Basketball Wives,Jackie's ponderosa takes a turn for the worst when Jennifer drops major news about Malaysia's personal life. #BasketballWives ...,VH1
"Suci dalam Debu, Mencari Alasan | MONATA Full Album Malaysia VERSI KOPLO TERVIRAL 2022",FULL ALBUM MONATA MALAYSIA VERSI KOPLO TERVIRAL 2022 #lalawidy #difarinaindra * SUCI DALAM DEBU * MENCARI ...,My Soul Music Production
"Alhamdulillah Bahagia !! Akhirnya Cn 235 Mpa Malaysia Ke Dua Telah Selesai, Segera Diterima Malaysia","Artileri komando menyediakan informasi seputar militer yang di balut dengan sedikit humor, selamat menyaksikan dan jangan ...",ARTILERI KOMANDO
DADAH |¬†Australia Patahkan Cubaan Seludup Heroin RM790 Juta Dari Malaysia,Pihak berkuasa Australia merampas 336 kilogram heroin dianggarkan bernilai RM789.56 juta dalam sebuah kontena ...,Buletin TV3
Lagu Malaysia Pengantar Tidur || TIARA || Cover Lagu || Akustik | Lagu favorit dsaat mau tidur üëç,Lagu Malaysia Pengantar Tidur || TIARA || Cover Lagu || Akustik | Lagu favorit dsaat mau tidur Lagu Malaysia Pengantar Tidur ...,Hits Songs
40 Lagu Malaysia Hit Kenangan Abadi - Koleksi Lagu Malaysia 80an 90an Terbaik Dan Paling Popular,40 Lagu Malaysia Hit Kenangan Abadi - Koleksi Lagu Malaysia 80an 90an Terbaik Dan Paling Popular ...,1000 Reasons
"Saya beritahu China ini kawasan Malaysia, kata Anwar berkait wilayah dituntut","Petronas akan terus melaksanakan kerja cari gali minyak di kawasan sedia ada di Laut China Selatan, namun terbuka untuk ...",Free Malaysia Today
Amazing! Bazar Ramadhan Putrajaya 2023 | Malaysia Street Food | Bazaar Ramadan,"Bazar Ramadan Putrajaya Location: Jalan P3d, Presint 3, 62000 Putrajaya, Wilayah Persekutuan Putrajaya Hours: 3pm-8pm ...",STREET FOOD KING 
India-Malaysia Sign Landmark Deal to Settle Trade in Indian Rupee | StudyIQ IAS | UPSC,India and Malaysia have entered into a landmark agreement to settle their trade in Indian Rupee. The deal is expected to have ...,StudyIQ IAS
PRESIDEN SAMPE ARTIS DUNIA KENA TIPU SAMA ORANG MALAYSIA INI,Halo gengs! ----------------------------------------------------------------- Support terus ya kita berteman dengan klik tombol SUBSCRIBE ...,Hirotada Radifan
[EP3] Apabila pelancong dari Malaysia dan Korea tinggal di rumah tetamu di Seoul | 3&amp;More Season 4,3nMoreSeason4 Every Friday 6PM MYT‚ò∫Ô∏è. Watch every episode on Viu Malaysia ...,Blimey
Perfect Partner in Every Journey | Isuzu D-Max Malaysia,A couple celebrating their 5th anniversary went on a road trip using Isuzu X-Terrain to unlock the destinations. Isuzu D-Max ...,Isuzu D-Max MY
Penyebab Lahirnya Ganyang Malaysia - Episode 1 | Konfrontasi Indonesia &amp; Malaysia,GanyangMalaysia #Konfrontasi #Matahatipemuda Sejarah Ganyang Malaysia - Episode 1 | Konfrontasi Indonesia & Malaysia ...,Matahatipemuda
Bagaimana Pulau Natuna Membelah Geografi Malaysia,Join APHD Membership Untuk Dapatkan Akses Awal untuk Semua Video ...,APHD Channel
üá≤üáæ I met a new Muslim in Malaysia!! VLOG,I met a new Muslim in Malaysia!! VLOG Daud Kim Instagram ‚û° https://Instagram.com/jaehan9192 Business contact to ...,Daud Kim
I FOUND THE BEST IFTAR IN KUALA LUMPUR! | RAMADAN BAZAR MALAYSIA 2023 | KUALA LUMPUR,"In this episode, I'm gonna take you to my absolute favorite place when it comes to Ramadan food! After eating a lot of food and ...",Chefs Of Sweden
Lagu Malaysia Pengantar Tidur | Gerimis Mengundang | Cover Lagu | Akustik,Lagu Malaysia Pengantar Tidur | Gerimis Mengundang | Cover Lagu | Akustik Track List : 01. Gerimis Mengundang 02.,Hits Songs
Lagu2 90an Sungguh Merdu - Koleksi Lagu Malaysia LAWAS Terpopuler &amp; Terbaik Sepanjang Masa,Lagu2 90an Sungguh Merdu - Koleksi Lagu Malaysia LAWAS Terpopuler & Terbaik Sepanjang Masa ...,Sky Music
|| sesuai request countryhuman || ||Malaysia x Indonesia|| ||üòòüòò|| #shorts #countryhumans #edit,,@reno short gaming ‚ò™Ô∏è countryhumans bru
Malaysia secures RM170bil investments from China through 19 MoUs,"Malaysia has clinched a record RM170bil worth of investments from China, with 19 memorandum of understanding signed on ...",The Star
Kristal - Cinta Segi Tiga Malaysia Song,Best Malaysia Songs.,TC Kakchuica
LAGU MALAYSIA PENGANTAR TIDUR FULL ALBUM 2022,LAGU MALAYSIA PENGANTAR TIDUR FULL ALBUM 2022.,Viral Muzik
Full Album Saleem Iklim - Lagu Malaysia Lama Populer,Full Album Saleem Iklim - Lagu Malaysia Lama Populer Full Album Saleem Iklim - Lagu Malaysia Lama Populer Full Album ...,Lagu NSR
‡¶¨‡ßà‡¶ß ‡¶™‡¶•‡ßá ‡¶ï‡¶∞‡ßç‡¶Æ‡ßÄ ‡¶™‡¶æ‡¶†‡¶æ‡¶§‡ßá ‡¶ï‡ßÄ ‡¶â‡¶¶‡ßç‡¶Ø‡ßã‡¶ó ‡¶®‡¶ø‡ßü‡ßá‡¶õ‡ßá ‡¶∏‡¶∞‡¶ï‡¶æ‡¶∞? | Malaysia News | Bangladesh Malaysia | Somoy TV,MalaysiaNews #BangladeshMalaysia #SomoyTV ‡¶Ü‡¶∞‡¶ì ‡¶¨‡¶ø‡¶∏‡ßç‡¶§‡¶æ‡¶∞‡¶ø‡¶§ ‡¶ú‡¶æ‡¶®‡¶§‡ßá ‡¶≠‡¶ø‡¶ú‡¶ø‡¶ü ‡¶ï‡¶∞‡ßÅ‡¶®: ...,SOMOY TV
2023 BYD Atto 3 EV review - from RM150k in Malaysia,"Hafriz Shah believes the BYD Atto 3 is Malaysia's best-value EV right now. It's a practical, comfy SUV with the brand's famed ...",Paul Tan's Automotive News
Tryana - Cinta Tasikmalaya (Official Music Lyric),Music Video Credits: Artist: Tryana Title: Cinta Tasikmalaya Songwriter: Nur Amin Arranger: Decky Ryan Video Maker : Ba1mPro ...,Tryana
Viral! Gembel Membawakan Lagu Malaysia Dipenjara Janji Buat Semua Orang Menangis Dangdut Academy5,parody #Parodi #dangdutacademy5 #dipenjarajanji #andriansyah #balasanjanjipalsumu #lestikejora #lestidanrizkybillar ...,Andriansyah - Topik
13 top lagu pilihan Malaysia versi reggae,Enak di dengar pas lagi kerja.,Yhana Kancill
Thomas Arya - Kehadiran Cinta [Official Lyric Video HD],KEHADIRAN CINTA ARTIS : THOMAS ARYA CIPT : YENDRI HUDDAMI Engkau bagaikan air yang Embun membuatku dingin ...,Thomas Arya Official
Lagu Malaysia Album Terbaik Tanpa Iklan 2023 || Lagu Pengantar Tidur,Lagu Malaysia Album Terbaik Tanpa Iklan 2023 || Lagu Pengantar Tidur Jangan Lupa Like Komen Share & Subscribe ...,SingSong Hits
Malaysia 4 - 1 Bangladesh | Kelayakan AFC Asian Cup 2023,AstroArena Facebook: http://www.facebook.com/astroarenasukan Twitter: http://twitter.com/astroarena Instagram: ...,Astro Arena
Apam Balik Malaysian Street Food #malaysia #streetfood #apambalik,Apam Balik Malaysian Street Food Apam Balik is a famous dessert in Malaysia. Apam Balik is favorite street food for many ...,Traveling Solo Logs
Vol Malaysia Airlines MH370 : que s&#39;est-il vraiment pass√©¬†?,"C'est un myst√®re in√©dit dans l'histoire de l'aviation. Le 9 mars 2014, un Boeing 777 de la Malaysia Airlines disparaissait, avec √† ...",Investigations et Enqu√™tes
10 Fakta Negara Malaysia - FAKTA UNIK MALAYSIA,"Malaysia, siapa yang tidak tau dengan Negara yang satu ini. Sebuah Negara di kawasan asia tenggara yang bisa dikatakan juga ...",Kiniku-tahu
Ini Sebab Pencarian Identiti Malaysia Tidak Seperti Indonesia,Malaysia lebih diplomatik dan beralah. Indonesia lebih tegas dan straightforward. Boleh dapatkan bendera jalur gemilang ...,ML Studios
making malaysia state an empire part 3 (penang) #malaysia #state,,RANDOM SOVIET BALL [owner of S.M.R.E.P]
Saya Anak Malaysia 2020 (All-star Mandarin Version) Official MV,Are you proud to be a Malaysian? It's Friday and we're dropping a very Malaysian exclusive music video! Let's sing along to ‚ÄúSaya ...,WebTVAsia
LAGU MALAYSIA FULL ALBUM TERPOPULER SAAT INI | FULL ALBUM SLOW ROCK MALAYSIA TERBAIK ERA 90AN,LAGU MALAYSIA FULL ALBUM TERPOPULER SAAT INI | FULL ALBUM SLOW ROCK MALAYSIA TERBAIK ERA 90AN ...,TH MUZIK
üá≤üáæ| Foreigners LEAVING Malaysia @KLIA People talk about the BEST and WORST moments in Malaysia 2023,People leave Malaysia at the International Airport of Kuala Lumpur (KLIA). What did they like and what didn't they like? This was ...,Chai Travel
Gustrian Geno - Sia Sia Mengharap Cintamu (Official Music Video) - Slowrock Terbaru 2023,Gustrian Geno - Sia Sia Mengharap Cintamu (Official Music Video) ---------------------------------- Judul : Sia Sia Mengharap Cintamu ...,Gustrian Geno
Elma feat Bening musik cover Lagu malaysia terbaik full Album,Elma feat Bening musik cover Lagu malaysia terbaik full Album Elma feat Bening musik cover Lagu malaysia terbaik full Album ...,T-MUSIC
ISTERI PERDANA MENTERI MALAYSIA YANG PERTAMA HINGGA KE-9,,THERIZQREAL
Bagaimana Kondisi Malaysia dan Letak Geografisnya?,Bagaimana Kondisi Malaysia dan Letak Geografisnya? #Geografyi #NegaraMalaysia #Malaysia ...,Geografyi
LAGU MALAYSIA TERPOPULER SEPANJANG MASA,LAGU MALAYSIA TERPOPULER SEPANJANG MASA LAGU MALAYSIA PALING HITS LAGU POP MALAYSIA TERULER LAGU ...,Faisal Amri
Korg PA700 Malaysia Song,Here's presenting our Korg PA700 Malaysia song which is part of the South East Asia PA series song poject. We are deeply ...,CKMusicOnline
"GOKIL , PERJALANAN MENEMBUS BATAS NEGARA ‚ÄºÔ∏èIndonesia - Malaysia Naik Bus Biara Mas Scania .","Assalamualaikum Wr Wb . Diperjalanan kali ini merupakan perjalanan yang unik yaa , karena kita akan naik bus antar negara ...",Ahmad Wildani
Lagu Malaysia Paling Top - Cover - Akustik - Kita Ditakdirkan Jatuh Cinta - Mimpi Yang Pulang,Lagu Malaysia Paling Top Lagu Malaysia Terbaik Lagu Malaysia Terpopuler Lagu Malaysia Populer Lagu Malaysia Terbaik ...,Mahira Musik
PM Anwar Ibrahim Bicara Hubungan RI-Malaysia Hingga Pengalaman Di Penjara,"CT Corp Leadership Forum menggelar dialog spesial Founder & Chairman CT Corp, Chairul Tanjung dengan Perdana Menteri ...",CNBC Indonesia
Saya anak Malaysia BM and BC remix,,3Q BU
Gangster malaysia,"Terimakasih sudah mengklik video ini tapi jangan lupa untuk menekan tombol subscribe nya guys, karena subscribe itu gratis ...",Rahmat Channel
Ditunda MONSTER laut di BULAN PUASA!! - #VLUQ379 - Kayak Fishing Malaysia,Trip kali ni kita digasak MONSTER waktu berkayak di bulan puasa! Sampul Raya Limited 2023 BLACK Edition!,VLUQ
Lagu Malaysia Terpopuler 2023,music #sedih.,Anrik_Music
E L L A RATU ROCK MALAYSIA - TOP 20 LAGU SLOW ROCK 90AN TERBAIK,slowrockmusic E L L A RATU ROCK MALAYSIA - TOP 20 LAGU SLOW ROCK 90AN TERBAIK #lagumalaysia #rockmalaysia ...,107.9 FM
bila juara malaysia bertemu juara indonesia,,Faiq Freestyle
MALAYSIA BAKAL JADI SINGAPURA DUA KALI LAGI PILIHAN RAYA ? -TUN M l BULETIN PERTIWI JAM 1-5 MAC 2023,"Terima kasih kerana menjadikan Buletin Pertiwi sebagai info berita pilihan rasmi anda. Berita yang sahih, padat dan berinformasi ...",Buletin Pertiwi
WONDERKIDS TERBAIK ASIA | Pemain Malaysia Berapa Orang?,Football Info kali ni FK nak share sikit senarai 25 orang wonderkids terbaik yang ada di Asia. Berapa wakil dari Malaysia agaknya ...,Faiz Kaman Studio
SAMANTHA DI MALAYSIA HAMPIR HILANG NYASAR LIBURAN KE LUAR NEGRI  #shorts #short #viral  #viralvideo,,Evelyn Samantha
lagu malaysia pilihan,kumpulan lagu malay sia pilihan 90an JALNGAN LUPA LIKE N SUBSCRAIBE NYA YA #lagumalaysia #slowrock #90an.,Teh ning V
SISI GELAP PERBATASAN INDONESIA DAN MALAYSIA!,Sisi Gelap Perbatasan Indonesia dan Malaysia! #samuelchrist #shortsindonesia #youtubeshorts #batasindonesiadanmalaysia ...,Samuel Christ
Malaysia ‚Äì Freaks of Nature - Wildest Indochina 2/5 - Go Wild,"Malaysia is home to some of the largest, smallest, and downright weirdest life forms on the planet, many of which occur nowhere ...",Go Wild
Country that support Malaysiaüá≤üáæ vs Country that support IndonesiaüáÆüá©,,RifXz Geography
Computer ‡§ï‡§Æ‡•ç‡§™‡§®‡§ø‡§ï‡•ã ‡§≤‡§æ‡§ó‡§ø ‡§Æ‡§≤‡•á‡§∏‡§ø‡§Ø‡§æ‡§¨‡§æ‡§ü ‡§°‡§ø‡§Æ‡§æ‡§®‡•ç‡§°‡•§ Malaysia demand in Nepal | #jobupdates #vacancy #malaysia,Jobs in Malaysia Job demand for Malaysia Foreign employment Demand for Malaysia Malaysia demand Baideshik rojgar Ticket ...,Earn with PNK
Saya Anak Malaysia 2020 (Bahasa Malaysia Version) - MALAYSIA DAY SONG,Menjadi seorang Anak Malaysia bukanlah setakat nama tetapi ia adalah gelaran yang akan diingati sepanjang hidup. Mari raikan ...,WebTVAsia
Buih Jadi Permadani - Koleksi 20 Lagu Malaysia Terpopuler full album tanpa iklan,Buih Jadi Permadani - Koleksi 20 Lagu Malaysia Terpopuler full album tanpa iklan https://youtu.be/55oCHxi9Oi0 01 . Buih Jadi ...,Lagu Pengantar Tidur
Wow! Semua Orang Menangis Mendengarkan Lagu Malaysia Gugurnya Bunga Cinta Dari Peserta Yang Satu Ini,parody #Laksamana #lagu #music #indonesia #malaysia #bandung #unboxing #trend Assalamu'alaikum Warahmatullahi ...,Andriansyah Official
Everything I ate at Genting SkyWorlds in Malaysia üé¢‚òÅÔ∏èüå≠üç¶,"Everything I ate at Genting SkyWorlds in Malaysia ‚òÅÔ∏è     Genting SkyWorlds, Genting Highlands, Malaysia ...",biteswithlily
Nova Widianto Ketar-Ketir..!! Aksi Gokil Rehan Lisa Babat Habis Wakil Malaysia,"Bertemu anak didik mantan pelatihnya di ganda campuran, Rehan Lisa tampil beringas di Orleans Masters 2023. Aksi Lisa di ...",Bangku Penonton
CARA BUAT SALTING CEWE MALAYSIA ‚ù§Ô∏èü•∞ #shorts #ometv,,billman
Malaysia Grows Sustainable Farming To Modernise Agriculture | CNA Correspondent,"The war in Ukraine has triggered food supply shortages, leading to price increases globally. And countries like Malaysia are not ...",CNA Insider
perbandingan Indonesia vs malaysia vs thailand vs Myanmar  ‚ÄºÔ∏è#shorts,,SPOT INFO
Nak Buka Puasa Dengan Nenek Tapi... üò∞üò±(Malaysia),Tajuk Game: Granny Simulator Link Game: https://store.steampowered.com/app/1053680/Granny_Simulator/ Selamat Datang Ke ...,GameOnzz
Lagu Malaysia Pengantar Tidur ||Tiara || Gerimis Mengundang ||LAGU MALAYSIA POPULER TERKINI 2022,Lagu Malaysia Pengantar Tidur ||Tiara || Gerimis Mengundang ||LAGU MALAYSIA POPULER TERKINI 2022 Lagu Malaysia ...,Hits Songs
"Lagu Malaysia Memori Berkasih, Gurauan Berkasih 2018",Jangan lupa Like + Subscribe Yaaaa!!!!!!! Terima Kasih.,Amank Basyid
‚úàÔ∏èüá≥üáµ‚ù§Ô∏èGautam buddha international airport latest update |Direct flights to Malaysia &amp; Gulf countries,Gautam buddha international airport latest update |Direct flights to Malaysia & Gulf countries #forwardkhabar ...,Forward Khabar
PATOK PERBATASAN Indonesia Malaysia #fyp #trending #viral #edukasi #shorts #tiktok,,Imban
Red Light District Kuala Lumpur Malaysia |  Nightlife in bukit Bintang Area | Massage Girls,Walk Around Jan Alor and Butik Bintang area #aroundtheworld #kualalumpur #redlight.,Around The World
"lagu kebangsaan:thailand, Malaysia, Indonesia ‚ÄºÔ∏è#shorts",,SPOT INFO
MENARA KEMBAR MALAYSIA MEGAH BANGET TERNYATA!! GOKIL.KEREN BANGET!! SAKURA SCHOOL SIMULATOR-PART 497,"Halo teman-teman, kita lanjut main Sakura School Simulator lagi yaa. Kali kita jalan-jalan lihat Menara Petronas di ...",Ani Nge Game
5 BANGLO PALING BERHANTU DI MALAYSIA TAHUN 2023 (Part 3),PAID REVIEW OR PROMOTION CONTACT instagram: @top5_malaysia email : top5malaysia1@gmail.com Kredit: ...,TOP 5 MALAYSIA
Lagu Malaysia terbaik rock slow  - LAGU LAGU PALING ENAK DIDENGAR SEPANJANG MASA FULL ALBUM,Lagu Malaysia terbaik rock slow - LAGU LAGU PALING ENAK DIDENGAR SEPANJANG MASA FULL ALBUM Lagu Malaysia ...,Hits Songs
Rheka Restu - Relaku Mengalah (Official Music Video),Official Music Video Lagu Terbaru Rheka Restu Relaku Mengalah Subscribe here : https://smarturl.it/NadiMusikDigitalSub Music ...,NADI musik digital
Wakili Malaysia üá≤üáæ Ahmad Azfar (Terbaik 1) Buat Juri menangis ‚ÄºÔ∏èMTQ Internasional Mazmir Daud 2023,Ahmad Azraf (Terbaik 1) qori anak yang wakili negara Malasyia pada MTQ Mazmir Daud tingkat Internasional di Aljazair.,AM Official
bagiin tiket nonton AFF di Malaysia üá≤üáæ LETS GOO !!!,,bobacott
PELIK‚ùó TIKTOKERS INDO SOUND DOKTER MALAYSIA SEBAB HAL INI ‚ùì,,BORU NAGA
Lagu Lama Malaysia Terpopuler Sampai Sekarang. NO Iklan,"Jan lupa like, coment and subscribe terima kasihh.",Muhammad Rizki Aditiya
Full Album Saleem Iklim Malaysia - Lagu Malaysia Lama Populer,Full Album Saleem Iklim Malaysia - Lagu Malaysia Lama Populer Full Album Saleem Iklim Malaysia - Lagu Malaysia Lama ...,Lagu NSR
Malaysia Kuala Lumpur best shopping mall suria klcc üá≤üáæ,,Willy Walker‚Äôs TV
STREET FOOD in MALAYSIA!  [ Salt Baked Crab ] NIGHT MARKET / Kuala Lumpur / SS2  Night Market,"Malaysian Night Market Street Food - Pasar Malam SS2 Night Market Kuala Lumpur Address: Jalan SS 2/61, SS 2, 47300 ...",STREET FOOD KING 
LIVE | Malaysia vs Thailand | Men&#39;s futsal | SEA Games 31,LIVE | Malaysia vs Thailand | Men's futsal | SEA Games 31 ------------------------------- Website: https://bit.ly/HomepageSG31 ...,SEA Games 31 Viet Nam 2021
"Keluarga Malaysia  - Ara Johari, Sufi Rashid, Masya Masyitah &amp; Putera (MADAM) [Official Lyric Video]","RocketfuelEnt #KeluargaMalaysia Official lyric video Keluarga Malaysia by Ara Johari, Sufi Rashid, Masya Masyitah & Putera ...",Rocketfuel Network
Lagu malaysia full album pengantar tidur,,Chelsea Rahayu
"Ustad Das&#39;ad Latif tanya Jama&#39;ah malaysia, mau uang indonesia atau uang malaysia ?? üòÅüòÅüòÅ",Channel Resmi Ustad Das'ad Latif PERHATIAN - Silahkan Share Video-video USTAD DAS'AD LATIF dengan catatan : * Meminta ...,Das'ad Latif
PETRONAS Malaysia Open 2023 | Alfian/Ardianto (INA) [3] vs. Liang/Wang (CHN) | F,PETRONAS Malaysia Open 2023 | Super 1000 Men's Doubles | Finals Alfian/Ardianto (INA) [3] vs. Liang/Wang (CHN) ...,BWF TV
Bila Tidur Petang 7 | Drama Brookhaven üè°RP (Roblox Malaysia),Malcikedok pergi bazaar Ramadhan untuk membeli makanan.. Nama Game: Brookhaven RP Link Game: ...,Malluffy
LAGU SLOW ROCK MALAYSIA 80-90AN - LAGU JIWANG 80AN DAN 90AN TERBAIK  - KOLEKSI LAGU JIWANG LEGANDA,LAGU SLOW ROCK MALAYSIA 80-90AN - LAGU JIWANG 80AN DAN 90AN TERBAIK - KOLEKSI LAGU JIWANG LEGANDA ...,Apollo FM
Yuni Wulandari Tampil Mewakili Indonesia || MTQ Internasional Malaysia 2022#qoriahinternational,Yuni Wulandari dari Adalah juara 1 nasional tahun 2022 dan berhasil menuju MTQ tingkat internasional yang di adakan di Kuala ...,Yuni Wulandari official
Icare Dental Malaysia Dental Implant,Icare Dental Malaysia Dental Implant Have you ever wondered (should I get a Dental Implant) or (how long does a dental implant ...,Silver Cat Idea Solution
"TIMBOI WATER TELEPORT DARI MALAYSIA, EH NYASAR KE CURUG‚Ä¶ üèäüèª‚Äç‚ôÇÔ∏èü§£",,Timotius Mulyadi
MPL MALAYSIA IS GETTING SPICY BECAUSE OF THIS FILIPINO‚Ä¶ ü§£,MPL MALAYSIA IS GETTING SPICY BECAUSE OF THIS FILIPINO‚Ä¶ My Discord: https://discord.gg/D9jqVN3B3b My ...,DJY
Malaysia&#39;s MPs want to abolish mandatory capital punishment,"In Malaysia, the lower house of parliament is voting to abolish the mandatory death penalty for crimes such as murder and drug ...",Al Jazeera English
ARIEF - SATU RASA CINTA (Official Music Video) Yakin Kan Hati Mu #ariefputra #kokorecordhd,ARIEF - SATU RASA CINTA (Official Music Video) Yakin Kan Hati Mu Subscribe Disini : https://bit.ly/3HoF6UQ Music & Video ...,Koko Record HD
U.K&#39;s - Di Sana Menanti Di Sini Menunggu,Artist : U.K's Song : Disana Menanti Disini Menunggu Copyright : New Southern Record.,NSR Chinese - New Southern Records Malaysia
Ternyata Karena Ini Band Radja Diancam usai Konser di Malaysia | AKIP tvOne,"AKIP, https://www.tvOnenews.com - Ternyata Karena Ini Band Radja Diancam usai Konser di Malaysia | AKIP tvOne Personel ...",tvOneNews 
Rose - Hard to Love (Blackpink Concert KL Malaysia 2023),rose #blackpink #concert #malaysia.,MinTz
KENAPA MAT SALEH NI PELIK DENGAN MALAYSIA‚ùóüò± #shorts,KENAPA MAT SALEH NI PELIK DENGAN MALAYSIA‚ùó   #shorts #elsawidiantiputri #shortvideo #shortsfeed #youtubeshorts ...,Elsa Widianti Putri
Nastya mu·ªën tr·ªü th√†nh m·ªôt ƒë·ª©a con g√°i ngoan c·ªßa b·ªë v√† k·ª∑ ni·ªám Ng√†y c·ªßa Cha,"Nastya mu·ªën tr·ªü th√†nh m·ªôt c√¥ con g√°i ngoan c·ªßa b·ªë v√† d√†nh c·∫£ ng√†y cho b·ªë. Nastya v√† b·ªë c√πng nhau ch∆°i ƒë√πa, ƒëi d·∫°o, ƒÉn u·ªëng ...",Like Nastya VNM
IBNU BELI SATE UPIN IPIN DI MALAYSIA #slot138,,Ibnu Wardani Fans Base
QORI MALAYSIA INI MEMBUAT JURI MENANGIS HARU BANGGA | MTQ INTERNASIONAL MAZAMIR DAUD ALJAZAIR 2023,"Ahmad Azfar, qori juara 1 internasional yang satu satunya membuat juri sekelas Syiekh Ma'sharawi menangis bangga sampai tak ...",Anak Sholeh
Lagu malaysia terpopuler hingga kini,Terima kasih yang udah subcribe. Yang belum jangan lupa subcribenya ya?? #Lagu#malaysia#terpopuler#viral.,Rafani Alesha
Pilih kertas with Indonesian worker in Malaysia üòç,,Foodie
&quot;Jurang antara Malaysia dan pasukan lawan tidak jauh&quot; - Osmera Omaro,"FAM melalui pengurus skuad B-17 negara, Christopher Raj Aralanthu memperkenalkan ketua jurulatih baharu, Osmera Bin ...",Harimau Malaya
Radio Rewind | Rain And Red Flags in Malaysia 2012,"Rain, rain and more rain caused chaos on the grid in Malaysia! For more F1¬Æ videos, visit https://www.Formula1.com Follow F1¬Æ: ...",FORMULA 1
Ada pelajar Korea yang belajar sejarah Malaysia?! | Runway in Seoul EP.3,"RunwayInSeoul Every Saturday 6PM MYT‚ò∫Ô∏è If you liked this video, please share with the hashtag #RunwayInSeoul Also ...",Blimey
üá≤üáæLagu Saya Anak Malaysiaüá≤üáæ,Saya Anak Malaysia #SelamatHariKebangsaan #staysafe #templatebycapcut.,EYOCYT
ERNANDO ARI VS MALAYSIA üî•üî• Save Terbaik ERNANDO Saat Lawan Malaysia,"Timnas Indonesia U-23 berhasil mendapatkan medali Perunggu, setelah sukses mengalahkan Malaysia dalam drama adu ...",Freekick Channel
Iklim - Bukan Ku Tak Sudi (Lirik Video),Artist : Iklim Lagu : Bukan Ku Tak Sudi Subscribe kat Dunia Muzik Warner untuk lagu-lagu Legend!,Dunia Muzik Warner Malaysia
LOMBA RENANG 10 KILO METER DI DANAU MALAYSIA? üèäüèª‚Äç‚ôÇÔ∏èüò± TOTAL 2 JAM NON-STOP!!,,Timotius Mulyadi
Ada Apa Dengan &#39;Aura&#39; Kamera vivo V27 - RM1799 Di Malaysia,"Memperkenalkan vivo V27 - Peranti kelas pertengahan yang cukup berbaloi, didatangkan pula dengan ciri pencahayaan Aura ...",Amanz
SPICE GIVES MALAYSIA BABYDOLL FOX A DRAG MAKEOVER (Rupaul&#39;s Drag Race Season 15),Spice transforms her drag mama Miss Babydawl into an Ariel Spice doll! FOLLOW BABYDOLL: ...,Sugar And Spice Twins
The Making of the 500th Watsons store in Malaysia,,A.S. Watson Group
MALAYSIA TAMIL NEWS 5PM 03.04.23 EPF contributors can take out bank loans starting April 7,MALAYSIATAMILNEWS #TAMILNEWS #THISAIGALTV #THISAIGALTAMILNEWS.,Thisaigal TV Malaysia
PERSIAPAN SAMANTHA KE SINGAPORE MALAYSIA LIBURAN KE LUAR NEGRI LIBUR SEKOLAH #viral #trending,SUBSCRIBE DAN DUKUNG CHANNEL AKU TERUS YA...SEMOGA TEMEN TEMEN TERHIBUR Social Media ...,Evelyn Samantha
MAKAN SATE H*U ASAL MALAYSIAüò±üò± #shorts #ometv,,billman
PETRONAS Malaysia Open 2023 | Kang/Seo (KOR) vs. Alfian/Ardianto (INA) [3] | SF,PETRONAS Malaysia Open 2023 | Super 1000 Men's Doubles | Semifinals Kang/Seo (KOR) vs. Alfian/Ardianto (INA) [3] ...,BWF TV
5 RNR PALING SERAM DI MALAYSIA YANG RAMAI TAK TAHU (PART 2),PAID REVIEW OR PROMOTION CONTACT instagram: @top5_malaysia email : top5malaysia1@gmail.com Jom beli Kurma Ajwa ...,TOP 5 MALAYSIA
Anak Kecil Di Malaysia Pintar Berbahasa Indonesia,,UDO21
GAGAL LAGI KE GENTING MALAYSIA KARENA BADAI PT 2,,Mia Oktavia Chandra
5 KES PEMBXUNUHAN TERBESAR PERNAH BERLAKU DI MALAYSIA Yang Ramai Tak Sangka,PAID REVIEW OR PROMOTION CONTACT instagram: @top5_malaysia email : top5malaysia1@gmail.com.,TOP 5 MALAYSIA
El misterio del vuelo MH370 de Malaysia Airlines: ¬øqu√© pas√≥ con el avi√≥n?,Unas 239 personas iban a bordo del vuelo 370 de Malaysia Airlines que volaba de Kuala Lumpur a Beijing. Las familias de estas ...,CNN en Espa√±ol
"Anwar on Malaysia Madani for the world: Focus on human values, integrity in cooperation","Speaking at the Boao Forum for Asia in China's Hainan province on Thursday (March 30), Prime Minister Datuk Seri Anwar ...",The Star
6 Negeri Terkecil Di Malaysia,"6 Negeri Terkecil Di Malaysia, 6, enam, six, negeri paling kecil di Malaysia, smallest state in Malaysia, keluasan dan penduduk, ...",AdikTaw
India‚Äôs Rupee trade gains momentum over Dollar; Malaysia to settle payments in INR | Details,"In a major development, Malaysia and India can now use the Rupee to settle trade in addition to other currencies. The Ministry of ...",Hindustan Times
ella -  berlayar tak bertepian,"Berulang kali ku mencoba Membujuk hati, lupakan semua... kenangan... Namun mimpi bertemu lagi Disaat engkau tiada di sisi ...",Antony Van Njombang
semenanjung malaysia tiada elektrik 12jam | Kongsi Cerita,semenanjung malaysia tiada elektrik 12jam | Kongsi Cerita #Malaysia #semenanjung malaysia #tnb.,Kongsi Cerita
Is Malaysia LEAVING The Show?! ü•∫ Basketball Wives,Malaysia meets with Jackie and Duffey to explain why she's taking a step back from Basketball Wives. #BasketballWives #VH1 ...,VH1
Malaysia 1-4 Indonesia (#AFFSuzukiCup2020 Group Stage Full Match),Relive the decisive encounter between Malaysia and Indonesia in the #AFFSuzukiCup2020 Group Stage! Follow all the action ...,AFF Mitsubishi Electric Cup
TERIMAKASIH MALAYSIA ! 10 April 2023,,Adam prp
‡¶â‡ßú‡ßá‡¶æ‡¶ú‡¶æ‡¶π‡¶æ‡¶ú ‡¶è‡¶Æ‡¶è‡¶á‡¶ö-‡ß©‡ß≠‡ß¶ ‡¶è‡¶∞ ‡¶ó‡¶æ‡ßü‡ßá‡¶¨‡ßá‡¶∞ ‡¶∞‡¶π‡¶∏‡ßç‡¶Ø ‡¶ï‡ßÄ? | Malaysia Airlines Flight 370 | Aeroplane | Somoy TV,malaysiaairlinesflight370 #aeroplaneloss #malaysiaaroeplane #aeroplane #malaysiaairlines #mh370 #somoytv ...,SOMOY TV
PAKAI JERSEY MALAYSIA NONTON TIMNAS INDONESIAüî•,,ibnu wardani
"2023 Toyota Vios in Malaysia - from RM89,600","The 2023 Toyota Vios is here, and prices have gone up to between RM90k to RM95k. Check out Hafriz Shah's full walkaround of ...",Paul Tan's Automotive News
TIMBOI LOMBA RENANG 5 KM DI DANAU MALAYSIA BAWA NAMA INDONESIA! üèäüèª‚Äç‚ôÇÔ∏èüáÆüá©üò±,,Timotius Mulyadi
Ziko Drifting di D1GP Malaysia Bersama Kawabata‚ÄºÔ∏è,Garasi Drift Merchandise TOKOPEDIA https://www.tokopedia.com/GarasiDrift SHOPEE https://www.shopee.co.id/garasidriftstore ...,Garasi Drift
Thomas Arya - Berbeza Kasta (Official Video),Official Music Video from 'Berbeza Kasta' ‚Äã Subscribe to Teras Musik here: https://smarturl.it/subscribeTerasMusik BERBEZA ...,Teras Musik
Why We Never Found The Malaysian Flight MH370?,"Malaysia Airlines flight 370 disappearance, also called MH370 disappearance, is the disappearance of a Malaysia Airlines ...",Best Documentary
Malaysia Airlines Safety Video | #SatuDuaTigaJom,"Sing and dance along to our new safety video, produced in collaboration with Enfiniti to celebrate Malaysia's rich heritage and ...",Malaysia Airlines
IBNU LALITA KETEMU MAYANG DAN PAK DODI DI MALAYSIA #slot138,,Ibnu Wardani Fans Base
Malaysia Flight 370&#39;s Disappearance Explained,"A missing black box, potential onboard suspects, and some terrifying sightings on the day of the disappearance. Malaysia Airlines ...",Grunge
"FULL HD | TH√ÅI LAN - MALAYSIA  | ‡πÑ‡∏ó‡∏¢-‡∏°‡∏≤‡πÄ‡∏•‡πÄ‡∏ã‡∏µ‡∏¢ - ƒê√îI C√îNG R·ª∞C L·ª¨A, K·ªäCH T√çNH ƒê·∫æN PH√öT CU·ªêI | REPLAY","FULL HD | TH√ÅI LAN - MALAYSIA | ‡πÑ‡∏ó‡∏¢-‡∏°‡∏≤‡πÄ‡∏•‡πÄ‡∏ã‡∏µ‡∏¢ - ƒê√îI C√îNG R·ª∞C L·ª¨A, K·ªäCH T√çNH ƒê·∫æN PH√öT CU·ªêI | REPLAY #onsportsplus ...",On Sports Plus
Lagu Malaysia Saleem Iklim - Lagu Rock Malaysia Lama - Bukan Ku Tak Sudi,Lagu Malaysia Saleem Iklim - Lagu Rock Malaysia Lama - Bukan Ku Tak Sudi Lagu Malaysia Saleem Iklim - Lagu Rock Malaysia ...,Lagu NSR
TIMBOI BELI LATO-LATO DI KUALA LUMPUR MALAYSIA? üá≤üáæü§©,,Timotius Mulyadi
Keranamu Malaysia (Video Lirik HD),KERANAMU MALAYSIA Song by Pak Ngah Suhaimi Words by Siso Lagu buruh nelayan dan juga petani A very Nostalgic ...,Neurotic Studio
"Malaysia, Mount Kinabalu (4095m) Climbing the tallest highest mountain in Malaysia",Climbing the tallest highest mountain in Malaysia http://100countryhighpoints.com/climbed/malaysia/,100CountryHighPoints
Bas Paling Mewah di Malaysia,Ini adalah perjalanan saya ke Kuala Terengganu. Untuk makluman nama bas ini adalah AliBaba Express. Untuk perjalanan ini ...,Azmi Jamaludin - Misi Niaga
5 YOUTUBER TERKAYA DI MALAYSIA TAHUN 2023 Yang Ramai Tak Sangka,PAID REVIEW OR PROMOTION CONTACT instagram: @top5_malaysia email : top5malaysia1@gmail.com Jom beli kurma ajwa ...,TOP 5 MALAYSIA
Upin Ipin main Lato-Lato | Animasi Malaysia,"mahu line internet high speed, mampu mencapai 200 mbps, boleh top up semurah RM3, mahu menjana pendapatan dengan top ...",caeranimation
10x bolak balik ke luar negri ! INDONESIA-MALAYSIA,,Dekjaw Sabar
Adu Pinalti (Indonesia vs Malaysia)#shorts #seagames #timnasindonesia #timnasmalaysia #adupinalti,,GodwinSandyYT
TIMBOI NONTON LANGSUNG TIMNAS üáÆüá© BERTANDING DI MALAYSIA! üò±‚öΩÔ∏èüëè,,Timotius Mulyadi
"MUKBANG 7 BUNGKUS MIE MEGGI PEDAS GILER 2X SPICY DARI MALAYSIA, PEDESNYA NGALAHIN SAMYANG!",,tanboy kun
Liga Malaysiaüá≤üáæ-Lagu Semangat Bola Sepak dan MFL Anthem (Versi Penuh),"Jemput Subscribe,Like dan Share ye   All Credit To Owner: Luaskan Kuasa Mu (Dari Selatan) by ...",Akmal Rosli
"[FULL] Malaysia Hari Ini (2023) | Mon, Apr 10 - Keselamatan Bermain Mercun &amp; Bunga Api",Topik Hari Ini: 1. Kejut Sahur 2. Laporan: Kebenaran Main Mercun & Bunga Api 3. Keselamatan Bermain Mercun & Bunga Api ...,TV3MALAYSIA Official
Malaysia Babydoll Foxx &amp; Marcia Marcia Marcia‚Äôs Anitta Lip Sync¬†üî•¬†RuPaul‚Äôs Drag Race Season 15,The first match-up of the Lip Sync LaLaPaRuZa Smackdown got us warmed up with a lip sync to ‚ÄúBoys Don't Cry‚Äù by Anitta!,RuPaul's Drag Race
Malaysia free job offer 2021 | SALES MARKETING OPPORTUNITY | Salary 3k - 6k Rm | #Divine_home,SALES_MARKETING_GOLDENJOB_OPPORTUNITY_MALAYSIA_2021 #foreignjob195 JOB ID: FJ10213 JOB STATUS: CLOSE ...,Foreign Job - 195
Jeff Dunham and Achmed Invade Malaysia!,"Jeff Dunham: All Over The Map is out now on Apple TV, Amazon Prime Video, Dish, DirectTV, Spectrum, Google Play and more!",Comedy Dynamics
Alasan Malaysia lebih maju dari Indonesia,,Ngibad Ngeri View
NGAKU JADI PACAR ORANG TERNYATA DI MALAYSIA BANYAK YG KENAL BAIM.. CEWEK MALAYSIA SAMPE HISTERIS,Social Media : INSTAGRAM : https://www.instagram.com/baimwong/ INSTAGRAM : https://www.instagram.com/paula_verhoeven/ ...,Baim Paula
[HD¬∑50FPS] - MS - Lee Chong Wei vs Chen Long - 2016 Malaysia Open - Highlights,Perfect 50FPS | No Commentator | Highest Camera Quality Thanks for watching and subscribing If any content owners would like ...,Badminton Finder
How To Make Malaysia Flag | Jalur Gemilang DIY | Kenali Bendera Malaysia,Bersempena bulan kemerdekaan AQactivity ingin mengajak seluruh warga negara Malaysia untuk mengibarkan Jalur Gemilang ...,AQ activity
FNATIC vs TEAM ASTER - ABSOLUTELY CRAZY GAME !!! ESL ONE MALAYSIA 2022 DOTA 2,"First round of Double Elimination Bracket, Fnatic vs Team Aster ESL One malaysia 2022 with Avo+ and Khezu. Watch live here ...",LeagueOfDota
JELAS BEDA‚ùó MALAYSIA DIKENAL ISLAM PALING BERKUALITI DARIPADA NEGARA LAIN,,BORU NAGA
"Jelajah UK Bersama KJ, Cantik Auditorium Malaysia Di University Oxford",,Niqi Story
Introducing AEON Wallet Malaysia,"Now you can pay, earn AEON Points and top-up your AEON Member Plus Visa Card all on the app. - AEON Wallet can be used ...",AEON Credit Service M Berhad
Tawi-Tawi: Life &amp; Death On The Sea Border Of Malaysia &amp; The Philippines | Borderlands | Full Episode,"The maritime border area of Tawi-Tawi separates the Philippines and Malaysia. Known for being hostile and dangerous, it has ...",CNA Insider
"Inilah Alasan, Mengapa #Malaysia Benci kepada #Indonesia",2411zzFACTS #YtCrash - ‚ñ∑‚ñ∑ YtCrash #Facts ingin selalu berbagi #fakta #mengejutkan yang terjadi di #Indonesia maupun di ...,YtCrash Facts
5 RUMAH YOUTUBER MALAYSIA PALING MEWAH Yang Ramai Tak Tahu (2023),PAID REVIEW OR PROMOTION CONTACT instagram: @top5_malaysia email : top5malaysia1@gmail.com JOM Tengok Video ...,TOP 5 MALAYSIA
JATUH NYA PESAWAT MALAYSIA AIRLINES‚úàÔ∏èüõ¨üõ¨üò•,,Afif Al-Fatih channel
Our First Bazaar Ramadan Malaysia | NO TOURISTS HERE ü§Ø,Our final day on the island of Langkawi takes us to our first Bazaar Ramadan in Malaysia. A highly recommended visit by our ...,Adam & Yaz
What happened to Malaysia airlines Flight 370 ?,Zemtv Shorts: https://www.youtube.com/@zemtv.shorts Face Reveal & QNA: https://youtu.be/zPXVS88OS2s What happened to ...,Zem TV
"Malaysia: Contract doctors strike over pay, working conditions",Thousands of state doctors on temporary contracts in Malaysia are on strike for three days. They have threatened mass ...,Al Jazeera English
TIMBOI ADU CEPAT FINISH LAWAN PERENANG MALAYSIA! üèäüèª‚Äç‚ôÇÔ∏èüáÆüá© VS üèäüèª‚Äç‚ôÇÔ∏èüá≤üáæ,,Timotius Mulyadi
Malaysia Asks Brandi An IMPORTANT QUESTION üò≥ Basketball Wives,Malaysia is looking for answers and asks Brandi a question related to her ex-husband. #BasketballWives #VH1 Paramount+ is ...,VH1
cewek cantik ngespin harga 5 ribu #game #malaysia #viral #shorts,,BEE
INDONESIA DI ABAIKAN!!! Inilah 4 negara yang tampil di piala merdeka Malaysia,,Rama Sfc
Meeting the Ship - Malaysia,"Every sign on is drastically different, and this one was exceptionally fun. Even got to get a little picky with my job choice this time ...",M. Leine Productions
PUTRAJAYA BUKAN IBUKOTA MALAYSIA LAH‚ùó BELAJAR DULU LAGI SEBELUM UP Ini,PUTRAJAYA BUKAN IBUKOTA MALAYSIA LAH‚ùó BELAJAR DULU LAGI SEBELUM UP Tengok ni video lain nya ...,Miss Sari
Negeri Sembilan FC 1-1 Sabah FC | LS8 | Highlights Liga Super 2023,Tommy Mawat meletakkan Negeri Sembilan di hadapan namun Park Tae-su menyamakan kedudukan buat Sabah pada babak ...,Malaysian Football League
Cara Daftar Affiliate Lazada Malaysia- Buat Duit Melalui Program Affiliate Lazada Tanpa Kos,My web site: http://bebossathome.com/ Cara Daftar Affiliate Lazada Malaysia- Buat Duit Melalui Program Affiliate Lazada Tanpa ...,Weng Honn
Hanging Glass Sky Box from Top of Kuala Lumpur Malaysia üòØü§© Back to India üòç,partnership All Our Latest Trendy Outfits & Accessories Collection     Get Yours Arpi's Collared Top & Flared Trouser ...,insideOut
Apply IPO Bursa Malaysia,"www.genesisorigo.com Genesis Origo is an E-Learning platform and one of the programmes offered is the world renown, the ...",Genesis Origo
Monash University Malaysia Scholarships for Undergraduate Students,Monash University Malaysia Scholarships for Undergraduate Students What you would like to grasp concerning Monash ...,Education & Travel Guide
#malaysia #„Éû„É¨„Éº„Ç∑„Ç¢Áßª‰Ωè #Êµ∑Â§ñÁßª‰Ωè #shorts,,Kay_video_diary
"1,000 REASONS WHY AMERICA IS BETTER THAN MALAYSIA! | HONEST OPINIONS...***",THE REAL REASONS WHY AMERICA IS BETTER THAN MALAYSIA...... We have been in Malaysia on and off for 4 months and ...,Passport Visionz
THE ATTACK OF RAJMANGAL | Sandokan: The Tiger of Malaysia | Season 1 | Full Episode 11 | English,"The first season starts a story about Sandokan, who still knows nothing about his past, living in teaming in Singapore with his ...",KIDFLIX [EN]
"Th√°i Lan ƒë√°nh b·∫°i Malaysia, gi√†nh v√© chung k·∫øt AFF Cup 2022 | Vietnamnet","Th·∫Øng chung cu·ªôc Malaysia 3-1 sau hai l∆∞·ª£t tr·∫≠n b√°n k·∫øt, Th√°i Lan s·∫Ω ch·∫°m tr√°n Vi·ªát Nam t·∫°i chung k·∫øt AFF Cup 2022.",B√°o VietNamNet
Anak Boboiboy | Animation Malaysia,"mahu line internet high speed, mampu mencapai 200 mbps, boleh top up semurah RM3, mahu menjana pendapatan dengan top ...",caeranimation
IN SARAWAK&#39;S MARSHES | Sandokan: The Tiger of Malaysia | Season 1 | Full Episode 9 | English,"The first season starts a story about Sandokan, who still knows nothing about his past, living in teaming in Singapore with his ...",KIDFLIX [EN]
KLSE bursa malaysia market update 10/1/23 | Update semasa KLSE bursa malaysia 10/1/23,"hi guys,in this video i will explain to you latest klse update..enjoy the video..thanks ...",mohammad hafizi dahlan
MARIANNE&#39;S SACRIFICE | Sandokan: The Tiger of Malaysia | Season 1 | Full Episode 14 | English,"The first season starts a story about Sandokan, who still knows nothing about his past, living in teaming in Singapore with his ...",KIDFLIX [EN]
SANUSI TELAH MENGEJUTKAN MALAYSIA MALAM INI ‚ÄºÔ∏è,politics #malaysia #politicalnews #politicnews #anwaribrahim #ismailsabri #zahidhamidi #khairy #muhyiddin #mathassan #rafizi ...,Buletin Semasa
MALAYSIA TAMIL NEWS 10/04/2023,MALAYSIA TAMIL NEWS 10/04/2023 1st Malaysia WhatsappGroup: https://chat.whatsapp.com/BSyV7p3IQHGI9uu8WfP9jN ...,1st Malaysia
THE RETURN OF SANDOKAN | Sandokan: The Tiger of Malaysia | Season 1 | Full Episode 25 | English,"The first season starts a story about Sandokan, who still knows nothing about his past, living in teaming in Singapore with his ...",KIDFLIX [EN]
maritim malaysia mengejar warga indonesia hingga kapal WNI itu terbalik di laut || ARMAN CN,maritim malaysia mengejar warga indonesia hingga kapal WNI itu terbalik di laut Link asli : https://youtu.be/k-Xek9vvn3s ...,ARMAN CN
Exclusive with Malaysia PM Anwar,"For more: https://www.cgtn.com/video In this edition of Leaders Talk, CMG's Zou Yun sat with Malaysian Prime Minister Anwar ...",CGTN
IN THE SUBTERRANEANS OF CALCUTTA | Sandokan: The Tiger of Malaysia | Season 1 | Episode 19 | English,"The first season starts a story about Sandokan, who still knows nothing about his past, living in teaming in Singapore with his ...",KIDFLIX [EN]
THE MASKED SINGER MALAYSIA 2022 MINGGU 5 | HIGHLIGHT PERSEMBAHAN,THE MASKED SINGER MALAYSIA 2022 MINGGU 5 | HIGHLIGHT PERSEMBAHAN The masked singer malaysia minggu 5 ...,Infoneka Channel
I was surprised by meeting with President Xi: Malaysian PM,For more: ...,CGTN
KULINER VEGAN MALAYSIA MIRI || ËèúÊ†πÈ¶ôÁ¥†È£üÊ≥°Ê≥°Ëå∂Âùä||ÁæéÈáåÁ¥†È£ü #huntingvegan #makananvegan #plantbased #veganfood,,CICI VEGAN
THE CAVE OF FEAR | Sandokan: The Tiger of Malaysia | Season 1 | Full Episode 21 | English,"The first season starts a story about Sandokan, who still knows nothing about his past, living in teaming in Singapore with his ...",KIDFLIX [EN]
Beyonc√©&#39;s ‚ÄúSingle Ladies‚Äù LipSync by Malaysia Babydoll Foxx &amp; Salina EsTitties‚Äô | RuPaul‚Äôs Drag Race,The bottom two from the 50/50 maxi challenge give us a show in a lip sync to ‚ÄúSingle Ladies‚Äù by Beyonc√©! #MTV #DragRace ...,RuPaul's Drag Race
Keputusan Liga Super Malaysia 2023 hari ini - Negeri Sembilan lwn Sabah - Kedudukan Carta Liga LS8,"Keputusan Liga Super Malaysia 2023 hari ini - Negeri Sembilan FC lwn Sabah FC - Kedudukan Carta Liga LS8 ISNIN, 10 April ...",SNK MALAYSIA
MALAYSIA TAMIL NEWS 5PM 09.04.23 Why didn&#39;t you report to MACC Dr M enrichment claim,MALAYSIATAMILNEWS #TAMILNEWS #THISAIGALTV #THISAIGALTAMILNEWS.,Thisaigal TV Malaysia
THE CONSPIRACY | Sandokan: The Tiger of Malaysia | Season 1 | Full Episode 24 | English,"The first season starts a story about Sandokan, who still knows nothing about his past, living in teaming in Singapore with his ...",KIDFLIX [EN]
30 HARI ANWAR IBRAHIM SEBAGAI PERDANA MENTERI MALAYSIA KE-10,"Hari ini, 24 Disember 2022 genap 30 hari pentadbiran YAB Dato' Seri Anwar Ibrahim sebagai Perdana Menteri Malaysia ke-10.",Saiful Nizam
Nissan Leaf 2023 Malaysia,"Nissan Leaf 2023 Malaysia Nissan Leaf price Malaysia 2023 RM168,888 Tekan Link ini & Daftar di Carsome.",i Love Melaka Cars
"The most beautiful night view in Kuala Lumpur, Malaysia",,RAYTANSY OFFICIAL
MALAYSIA TAMIL NEWS 10PM 08.04.23 Don&#39;t wait for the PM to come to solve the problem,MALAYSIATAMILNEWS #TAMILNEWS #THISAIGALTV #THISAIGALTAMILNEWS.,Thisaigal TV Malaysia
"MALAYSIA TAK SAMA MACAM NEGARA KITA, GILA Potongan Nya Tak MAIN MAIN","MALAYSIA TAK SAMA MACAM NEGARA KITA, Dari Sini Je Dah Nampak Beda Tengok ni video lain nya ...",Miss Sari
"MALAYSIA TAMIL NEWS 5PM 08.04.23 Najib&#39;s pardon petition : 135,00 objections, 7,000 support",MALAYSIATAMILNEWS #TAMILNEWS #THISAIGALTV #THISAIGALTAMILNEWS.,Thisaigal TV Malaysia
"MALAYSIA TAMIL NEWS 10PM 07.04.23 Unethical to handcuff, &#39;parade&#39; 17 year old girl in Viral video",MALAYSIATAMILNEWS #TAMILNEWS #THISAIGALTV #THISAIGALTAMILNEWS.,Thisaigal TV Malaysia
Mengintip perbatasan Indonesia-Malaysia jalanya masih tanah,Video ini diambil pada tanggal 4april 2023 di perbatasan Indonesia Malaysia desa temajuk kec. paloh kab. Sambas Kalbar.,pie'ie Mejink
Malaysian PM Anwar Ibrahim praises China-Malaysia relations,For more: ...,CGTN
Keputusan Liga Super Malaysia 2023 hari ini - JDT lwn Kedah Darul Aman - Kedudukan Carta Liga LS8,"Keputusan Liga Super Malaysia 2023 hari ini - Johor Darul Takzim lwn Kedah Darul Aman - Kedudukan Carta Liga LS8 Ahad, ...",SNK MALAYSIA
LIVE BLUNDER PUBG MOBILE MALAYSIA !! GILAAA NORAAKK BANGETT ANJOYY HAHA,JANGAN LUPA NONTON SAMPAI AKHIR YA GASY BIAR PAHAM LOH ‚Äº NONTON SAMPAI HABIS BIAR PAHAM Youtube ...,Super RA
MALAYSIA MAMPUS‚ÄºÔ∏èHACKER INDONESIA KEMBALI BUAT KAGUM DUNIA - NEWS TODAY,trendingmiliter #militer #kilasgaruda Tonton Video Lainnya Dari Channel Kami Di Sini ; MALAYSIA TERDIAM‚ÄºÔ∏èHACKER RI ...,KILAS GARUDA 
PAPA @Malluffy Jaga @gameonzz Dan Akif Dari Jiran Yang KEJAM ! üòñüî™ | (Roblox Malaysia),Nama Game : Next Door (Story) --------------------------------------------------------------------------------------------------------------------------- Akif ...,Akif Iskandar
Malaysia airport immigration Update #malaysia #malaysiavisitvisa,jinahent #jinnah #jinahent #mudasir #mudasirranjha #mudasirahmad #urdu #hindi #nipali #bangali @engmudasir @jinahent ...,JINAHENT
"Exploring Penang Hill and Clan Jetties | *our first impressions of Penang, Malaysia*","We took the 4 hour bus from the Cameron Highlands over to the historical city of Penang! Penang is full of history and street art, ...",Kyle and Madie
"MALAYSIA TAMIL NEWS 5PM 07.04.23 Anwar: If Dr M wants proof, I will give it",MALAYSIATAMILNEWS #TAMILNEWS #THISAIGALTV #THISAIGALTAMILNEWS.,Thisaigal TV Malaysia
MALAYSIA TAMIL NEWS 1PM 07.04.23 Lawyers accuse MACC of exceeding jurisdiction in Nazlan probe,MALAYSIATAMILNEWS #TAMILNEWS #THISAIGALTV #THISAIGALTAMILNEWS.,Thisaigal TV Malaysia
MALAYSIA TAMIL NEWS 08-04-2023,1st Malaysia Tamil News: 08-04-2023 1st Malaysia WhatsappGroup: https://chat.whatsapp.com/BSyV7p3IQHGI9uu8WfP9jN ...,1st Malaysia
Jadual Perlawanan Ke-9 Liga Super Malaysia 2023 | PDRM FC  lwn Johor Darul Takzim,Jadual Perlawanan Ke-9 Liga Super Malaysia 2023 | PDRM FC lwn Johor Darul Takzim 18 PRIL 2023 Kuching City FC vs Sri ...,SNK MALAYSIA
"MALAYSIA TAMILNEWS 10PM 10.4.23 Woman accused of defrauding a child with cancer, collecting donation",MALAYSIATAMILNEWS #TAMILNEWS #THISAIGALTV #THISAIGALTAMILNEWS.,Thisaigal TV Malaysia
"Terkini!!! Mengapa Tesla Tertarik Melabur Di Malaysia, Bukan Indonesia !","Tesla merupakan sebuah syarikat automotif dan tenaga bersih multinasional Amerika yang beribu pejabat di Austin, Texas.",TOP 5 Negaraku
"Redmi Note 12 Pro+ 5G Malaysia: Kamera 200MP dalam telefon RM1,599 sahaja",Redmi Note 12 Pro+ 5G adalah midrange terbaharu yang dilancarkan. Ciri paling menonjol telefon ini adalah pada sensor ...,SoyaCincau BM
üí•ORANG INDONESIA TAK HENTI TERLIUR TENGOK MAKANAN DI BAZAR MALAYSIA‚ÄºÔ∏èSYURGA MAKANAN DIBUMI‚ÅâÔ∏èüáÆüá©üá≤üáæ,Kami Cik Ria dan Cakmojib Mengucapkan Terima kasih Banyak Kpd Semua Yang Sudah menonton Video kami.,Ria Oktorina
"Malaysia Siapkan 15 Atlet Untuk Meraih Medali Emas Olimpiade 2024 , Ini Komentar BL China",Malaysia incar cetak sejarah dengan meraih medali emas olimpiade pertamanya di Paris 2024 Sebanyak 15 atlet masuk dalam ...,CDL SPORTS CHANNEL
Malaysia looks forward to &#39;next-stage&#39; collaboration with China: Malaysian PM,For more: ...,CGTN
Lagu Jiwang 80/90an - Malaysia Slow Rock Leganda - Koleksi Lagu Jiwang Rock 80an dan 90an,Lagu Jiwang 80/90an - Malaysia Slow Rock Leganda - Koleksi Lagu Jiwang Rock 80an dan 90an Lagu Jiwang 80/90an ...,Pop Melayu
Part 1/2 | BMW E36 325i 5MT | Malaysia #POV [Test Drive] [CC Subtitle],ËØ∑Âä†ÂÖ•Êàê‰∏∫Êàë‰ª¨ÁöÑYoutube‰ºöÂëò~ https://www.youtube.com/channel/UCE1UECmXu1ZOfs7PqZjXNrQ/join ‚ñ∑ Â¶ÇÊúâÂïÜ‰∏öÂêà‰ΩúÊàñËµûÂä©Ôºå ...,Aderen Lim Áà±ÁöÑ‰∫∫
Reason number 1367 of why I LOVE MALAYSIA üá≤üáæ #kualalumpur #malaysia #malaysianfood #dimsum #baobun,,Harry & Hocking
True Story From The Observer Of Malaysia,"As a foreign observer specifically for Malaysia, I certainly have its ups and downs. In terms of likes, many netizens from Indonesia ...",DuniaFana News
"Kereta #TESLA, #BYD, #GEELY memasuki Malaysia?Adakah masa untuk penurunan harga kereta EV akan tiba?",Bilakah Malaysia akan memasuki era #kereta elektrik? Adakah masa untuk penurunan harga yang ketara untuk kenderaan ...,Abang Mindset_Knowledge (Minda_Pengetahuan)
"&#39;Muhyiddin banyak masalah sekarang, ...Malaysia tak tolak ansur isu perairan‚Äô",SHAH ALAM: Kerajaan sekali lagi menegaskan tidak akan bertolak ansur berhubung isu perairan Laut China Selatan yang kini ...,Berita Harian Online
Lagu Jiwang 80/90an - Malaysia Slow Rock Leganda - Koleksi Lagu Jiwang Rock 80an dan 90an,Lagu Jiwang 80/90an - Malaysia Slow Rock Leganda - Koleksi Lagu Jiwang Rock 80an dan 90an Lagu Jiwang 80/90an ...,Pop Melayu
Part 1/2 | BMW E36 325i 5MT | Malaysia #POV [Test Drive] [CC Subtitle],ËØ∑Âä†ÂÖ•Êàê‰∏∫Êàë‰ª¨ÁöÑYoutube‰ºöÂëò~ https://www.youtube.com/channel/UCE1UECmXu1ZOfs7PqZjXNrQ/join ‚ñ∑ Â¶ÇÊúâÂïÜ‰∏öÂêà‰ΩúÊàñËµûÂä©Ôºå ...,Aderen Lim Áà±ÁöÑ‰∫∫
Reason number 1367 of why I LOVE MALAYSIA üá≤üáæ #kualalumpur #malaysia #malaysianfood #dimsum #baobun,,Harry & Hocking
True Story From The Observer Of Malaysia,"As a foreign observer specifically for Malaysia, I certainly have its ups and downs. In terms of likes, many netizens from Indonesia ...",DuniaFana News
"Kereta #TESLA, #BYD, #GEELY memasuki Malaysia?Adakah masa untuk penurunan harga kereta EV akan tiba?",Bilakah Malaysia akan memasuki era #kereta elektrik? Adakah masa untuk penurunan harga yang ketara untuk kenderaan ...,Abang Mindset_Knowledge (Minda_Pengetahuan)
"&#39;Muhyiddin banyak masalah sekarang, ...Malaysia tak tolak ansur isu perairan‚Äô",SHAH ALAM: Kerajaan sekali lagi menegaskan tidak akan bertolak ansur berhubung isu perairan Laut China Selatan yang kini ...,Berita Harian Online
