Username,Caption,Video Duration,Upload Date,Comments,Plays,Shares,Likes
ceddyornot,"So I finally visited Malaysiaâ€™s FIRST ever Dr. Stretch @ 1 Utama! Honestly when it comes to other people doing stretching for you, there has to be some form of discomfort lah. Thatâ€™s why they are Dr. Stretch not Dr Massage.",60,1686826676,29,24200,87,971
ceddyornot,"@Coach Malaysia was so sweet to fly so many of us content creators to experience #CoachAirways at Freeport Aâ€™Famosa Outlet! It is definitely a unique experience!! I got to browse so many beautiful Coach bags and accessories, and I got to meet new faces too! To all the people whom Iâ€™ve spoken to, nice to meet you!! @Coach  #CoachNY",53,1686739932,0,2778,5,126
ceddyornot,"Since Teddy always gets so tired after walking a few steps, weâ€™ll just put him in the wagon je lah. Teddy is a Pekingese + Shih Tzu (I know some of you will ask haha)",35,1686637576,48,21800,18,2154
ceddyornot,Orang luar takyah sibuk nak bash negara kita. Mana ada negara yang perfect sangat? I love Malaysia! Comment ğŸ’–ğŸ‡²ğŸ‡¾ kat bawah! ,50,1686414305,37,15400,10,983
ceddyornot,"Jom singgah kat Fort Cornwallis sebab ada Penang International Food Festival! Boleh makan, enjoy some live shows, ha macam I boleh naik stage thanks to @TikTok Malaysia to buat product demo by @Pensonic ! Ingat ya kalau korang nak buat video ke apa, TAG LOCATION dan guna #FoodFestOnTikTok ok?@piff 2023 #PIFF2023 ",79,1686383134,60,55100,208,1946
ceddyornot,"Introducing Dominoâ€™s Boxku, up to 44 variations for you to choose your personal box, now nobody needs to complain dah. @Dominoâ€™s Pizza Malaysia  #DominosMy #MyBoxKu #ShareTheMoment ",43,1686222091,14,21400,12,2838
ceddyornot,"Inilah ciri-ciri char kuetiau yang best (FOR ME). Yang penting, jangan letak fish cake kat dalam! #FoodFestOnTikTok #MakanLokal ",57,1685960508,58,73200,48,2331
ceddyornot,"ğŸ“Imperial Dim Sum & Hot Pot @ Setia City Mall [Pork & Lard Free]   Mahal ke tak? Honestly depending on how you order juga lah, when you go to Setia City Mall and you see this shop boleh je ask to see their menu. #FoodFestOnTikTok #MakanLokal ",104,1685705479,41,104900,38,3224
ceddyornot,"Was invited to Naturaâ€™s event to learn more about their new Chronos Intensive Antioxidant Serum it contains double 15% vitamin C and 3 powerful Amazon antioxidants ingredient: Inga, AÃ§aÃ­, and Cacao. Iâ€™ve been using it and hereâ€™s my experience: â€¢ It does absorb really fast â€¢ It can have that tingling sensation initially but NOT irritating â€¢ My face has that glow the next morning Check Natura out whenever you visit Mid Valley Megamall!",63,1685624469,9,6441,1,158
ceddyornot,So which one do you like? Zusâ€™ ButtercrÃ¨me latte or Gigiâ€™s??,55,1685596800,136,52400,59,2373
ceddyornot,We meet again for the 3rd episode of MILO GAMESHOW EDISI RAYA! Untuk episode ketiga ni kita ada special guest yang rasanya memang ramai fans! Siapa lagi kalau bukan @LuckyBoy  & @yes this is amelia ğŸ™„ğŸ˜‚  ! Ceddy nak korang tengok dan judge macam mana diorang buat smoothie okay hahaha Lepas tengok jangan lupa share dan like ya sayangsss ğŸ’šğŸ’šğŸ’š #JomMinumMILO #MILOGameshow #EdisiRaya,338,1685538632,26,81200,26,1441
ceddyornot,"The Loaf [Muslim Friendly] just opened its first branch in PENANG, on Penang Hill and I got to try out their food for the first time too! Check out what they have! #MakanLokal ",91,1685445610,31,62800,50,1212
ceddyornot,[Yet another Hokkien content since I am back in Penang] This time I am trying out Hock Seng Rojak (Muslim followers takyah try lah ya I cannot guarantee the halalness ğŸ«°ğŸ¼) since Iâ€™ve never tried before my whole life!! The price is OK! The large bowl is RM11! The service is good too!! Worth the queue or not? For me yes lah. But donâ€™t worry not like every day is like this lah. Lady boss said on weekdays itâ€™s quiet.,58,1685190149,109,92500,315,3775
ceddyornot,"Hello sayangs! The 2nd episode of JOM MINUM MILO GAMESHOW EDISI RAYA is out!! Kalini kita ada celebrity couple @Nabil Mahir  dan @Ayda Jebat  untuk join smoothie challenge kita. And kita ada special appearance sebagai judge, nak tahu siapa kena tengok sampai habis tau! Jangan lupa like & share ya lepas tengok ğŸ’šğŸ’šğŸ’š #JomMinumMILO #MILOGameshow #EdisiRaya",533,1685103189,4,97700,7,470
ceddyornot,"ğŸ“QBox Cafe @ UOA Business Park (Tower 3) When they invited me over I macam â€œEh in an office area?â€ But then again if food is good, why not kan?  The price is around RM16 per bowl and the portion is huge! Plus they also open on Saturdays so itâ€™s even better sebab no need to fight with office people hahaha! #MakanLokal ",109,1685015139,15,66600,26,914
ceddyornot,Clear/ Invisible aligners is the trend right now but can harap or not? Well I just put on my first ever set so letâ€™s see how it goes! @Zenyum Malaysia ,74,1684925602,8,11400,6,355
ceddyornot,"Get ready to ride the Syok Wave with Mister Potato's crinkle cut chips! Mix and match their bold flavors like Seafood, Fiery Fried Chicken, and BBQ for a ridiculous taste experience.  #MisterPotato #KerangupanBerganda#RidiculouslyTasty #RidiculousMix  @misterpotatomy ",64,1684844721,16,17200,4,2377
ceddyornot,"ğŸ“ Sushi Mastro Nikkei @ Kepong (Muslim owned) This is my SECOND time going there and sure enough the food is still as good! Because of them I got to try UNI (sea urchin) for the very first time! Yes boleh makan raw or like how they mix in their udon. There are other dishes too lah, enjoy the video ok? #MakanLokal @Sushi Mastro Nikkei ",127,1684756967,46,40800,94,2125
ceddyornot,"Din Tai Fung - ada ğŸ·  DIN by Din Tai Fung - NO ğŸ· Basically it was OK lah for me, not something to shout about, they donâ€™t have many choices of dim sum, I would say if you want to try Chinese food but PORK-FREE (Eh I tak cakap halal sebab I donâ€™t think they have halal cert), can try this one lah. Those who tried the food here which one is your favorite dish? #makanlokal ",85,1684663071,37,67100,24,1998
ceddyornot,"Hello guys, welcome to the first episode of JOM MINUM MILO GAMESHOW EDISI RAYA!  Untuk episod yang pertama ni kita ada @Amir Masdi  dan @Rabbit Mac  untuk join BLIND TEST CHALLENGE!  Nak tengok diorang power ke tak power teka resepi MILO? Jom tengok video ni, jangan lupa like dan share ya ğŸ’šğŸ’šğŸ’š #JomMinumMILO #MILOGameshow #EdisiRaya",388,1684494238,16,75800,16,1020
ceddyornot,Donâ€™t need to tell me how unhealthy it is bla bla bla let me eat my roti telur the way I want it. Bukan makan setiap hari punâ€¦,22,1684422433,115,22300,8,1001
ceddyornot,I love it when itâ€™s zero sugar â¤ï¸  Get your Coke Zero Sugar for free when you purchase KFCâ€™s banana chocolate ball from today until 16th June!! #TakeaTaste #CokeZeroSugar @Coca-Cola Malaysia ,56,1684404910,0,6800000,168,36200
ceddyornot,"Attended this super secret event by @Netflix Malaysia and itâ€™s not like those usual events, this involves actually serving us really good food and some pula were eating air (makan angin), while eating we got to witness the host being dragged out too! What a creative way to promote #BlackKnight! Iâ€™ve been hearing good things about this show, jom letâ€™s watch together? #NetflixMakanAngin",321,1684329019,23,1300000,42,5756
ceddyornot,"In case you arenâ€™t aware, I shot a fun Raya video for INNISFREE and here are my favourite moments! Check out the full video on @innisfree Malaysia ! #INNISFREEMY #RayaSebenarnya",128,1684236287,10,28000,1,285
ceddyornot,"ğŸ“Nurul Sate Batang Pinang @ Puchong  Baru tau orang Johor makan sate pagi pagi! Patutlah dia hanya buka dari 7:30AM - 2:30PM (Tutup hari Isnin). Siapa nak cari sate, lontong, nasi beriani, asam pedas. Semua ada! ",86,1683886064,121,80500,353,4364
ceddyornot,"ğŸ“Dodo Korea @ NU Sentral (They have other branches in Avenue K and The Intermark) Korang dah tau I am OBSESSED with kimchi so I must try out Dodo Korea for Korean nasi campur! Kimchi dia sikit je ğŸ¤£ BUT the dishes, customer service and pricing are good! Not a fan of the sotong but thatâ€™s MY opinion. ",69,1683712928,275,323000,1292,22800
ceddyornot,"When you travel âœˆï¸ , do you wake up early for the hotel breakfast? Thereâ€™s no right or wrong but on the latest episode of Net Balance and Chill on @BFM89.9 - Bold Frank Media  , we all dished our answers. I wanna hear from you!",44,1683632724,26,16700,8,884
ceddyornot,I'll charge U if U want to share my hotspot next time! Try out U Mobile's Unbeatable Postpaid Plan today! #UnbeatableU #UPostpaid #UltraHotspot5G #UMobileâ€‹,46,1683456628,29,771200,35,2186
ceddyornot,NOT SPONSORED Ya this one but memang Jongga punya Kimchi memang sedap sedap tak berapa pedas! I dah habiskan separuh botol. Hahaha! ,104,1683291224,100,40300,35,2069
ceddyornot,"SELAMAT HARI RAYA! Siapa yang balik kampung / on the road boleh check out Deli2Goâ€™s limited-time Raya Pastries!! Sumpah sedap, especially the Ayam Percik puff!! #Deli2Go #Deli2GoTogether #RamadhanWithShell #RamadhanWithD2G",44,1683129391,4,28200,4,241
saapatturaman,Challenge with Gayathiri ğŸ‘ğŸ».                         #saapatturaman #tiktokguru #pickme #justeat #thinkb4youdo,10,1676003237,0,2337,1,38
saapatturaman,3kg MuttonğŸ Biryani & ChickenğŸ“ 65 Eating Challenge ğŸ‘ğŸ»  #saapatturaman #pickme #justeat #tiktokguru #thinkb4youdo #pokÃ©mongo #marvel #biryanilover,15,1595682161,8,42500,10,2030
saapatturaman,Home Made Chicken Biryani & Chicken Leg Piece Eating ğŸ˜‹ #chickenlegbis #chickenbiryani #saapatturaman #mango #missyoustreetfood #tamilfood,16,1593341723,372,285000,791,7692
saapatturaman,50 Parotta Eating ChallengeğŸ‘ğŸ» | Brother vs Sister |  #missyoustreetfood #tiktokfoodie #parotta #saapatturaman #tamilfood #homemade #chicken,13,1593000071,820,1900000,2912,27000
saapatturaman,10 Plate White Rice & Vatha kuzhabu Eating ChallengeğŸ¤ŸğŸ» #missyoustreetfood #staypositive #whatieatinaday #tiktokfoodie #saapatturaman #desifood #rice,22,1592807530,198,313100,879,7820
saapatturaman,2.5 Kg Mutton FryğŸ– Eating Challenge ğŸ‘ğŸ» #whatieatinaday #mutton #muttoncurry #saapatturaman #desifood #tiktokfoodie #streetfood #tamilfood,19,1592241915,220,1300000,686,37100
saapatturaman,Hibiscus Rosa SinensisğŸŒº (Sembaruthi) Eating Challenge ğŸ‘ğŸ» #whatieatinaday #saapatturaman #hibiscus #hibiscusflower #desifood #tiktokfoodie,39,1591794588,1914,2800000,9396,108800
saapatturaman,Punjabi Chicken BiryaniğŸ— Eating ChallengeğŸ‘ğŸ» #chickenbiryani #punjabi #egg #saapatturaman #whatieatinaday #desifood #tiktokfoodie #streetfood,12,1591502431,2080,9000000,6287,219800
saapatturaman,9 Kg Variety FruitsğŸ‡ğŸ¥ğŸ‰ğŸŠ Eating Challenge #desifood #tiktokfoodie #whatieatinaday #saapatturaman #eatingchallenge #tamilfood #fruit #fruits #ninja,47,1591017394,161,551700,210,19300
saapatturaman,2.5 Kg Goat Boti Eating ChallengeğŸ‘ğŸ» #desifood #bigbites #tiktokfoodie #homemade #whatieatinaday #botti #saapatturaman #mutton #streetfood #eating,18,1590846365,661,3500000,6228,109700
saapatturaman,2.5 Kg Chicken Noodles Eating Challenge   #saapatturaman #noodles #homemade #whatieatinaday #chicken #cookathome #eatingchallenge #eatingshow #eating,14,1590652344,881,4100000,3308,124700
saapatturaman,à®‡à®©à®¿à®¯ à®¤à®®à®¿à®´à¯ à®ªà¯à®¤à¯à®¤à®¾à®£à¯à®Ÿà¯ à®¨à®²à¯à®µà®¾à®´à¯à®¤à¯à®¤à¯à®•à®³à¯ğŸ¥°ğŸ˜â¤ï¸#happytamilnewyear #saapatturaman @sabarikumarsk,12,1586845713,92,565200,43,18400
saapatturaman,50 ChickenğŸ” Mirchi Bajji ğŸ”¥ Eating ChallengeğŸ‘ğŸ» #tamilfood #chicken #bajji #tiktokfoodie #desifood #saapatturaman #nonveglover #nonveg_lover,24,1585061089,306,3500000,348,92500
saapatturaman,2.5 Kg White Rice ğŸš& ğŸ†Brinjal Gravy Eating ChallengeğŸ¤˜ğŸ»  #tiktokfoodie #HandWashChallenge #desifood #tamilfood #saapatturaman #rice #juice,29,1584634115,87,2000000,252,98700
saapatturaman,Morning Breakfast Recipe Eating Challenge @sabarikumarsk #tiktokfoodie #desifood #dosa #idly #vada #saapatturaman #tamilfood #saapadu,17,1584374018,308,3200000,432,77400
saapatturaman,2.5 Kg White Rice ğŸš& Ennai KathirikaiğŸ† Eating Challenge #tiktokfoodie #desifood #brinjal #riceeating #watermelon #saapatturaman #tamilfood,13,1584115763,3863,22400000,14000,521100
saapatturaman,Mutton Bone Marrow (Nalli Elumbu) ASMR Eating   #tiktokfoodie #tamilfood #nallielumbu #bonemarrow #saapatturaman #nonveglover #asmr #desifood #mutton,40,1583854769,187,1100000,692,43800
saapatturaman,Cooker Mutton Biryani & Fish Fry Eating Challenge. 2 vs 1 Challenge #tiktokfoodie #tamilfood #desifood #biryani #biryanilovers #saapatturaman #mutton,22,1583678098,132,1900000,257,64700
saapatturaman,3 Kg White RiceğŸš& Dry Fish Eating Challenge ğŸ¤¤     #tiktokfoodie #tamilfood #desifood #dryfish #rice #karuvadu #saapatturaman #saapadu,22,1583412159,243,1600000,719,50400
saapatturaman,5 Kg Nalli Elumbu(Lamb Bone Marrow) Eating ChallengeğŸ–ğŸ¤¤  @sabarikumarsk     #tiktokfoodie #tamilfood #desifood #bonemarrow #mutton #saapatturaman,20,1583330681,702,4900000,5224,187500
saapatturaman,Full Goat Leg PieceğŸ– With HoneyğŸ¯     #Honey #mutton #tiktokfoodie #nonveglover #desifood #saapatturaman #saapadu #goat,15,1583071728,521,7300000,2766,194100
saapatturaman,15 Plate SemiyağŸ ChickenğŸ— Eating ChallengeğŸ¤¤ğŸ¤¤     #tiktokfoodie #nonveglover #1mauditiontamil #desifood #saapatturaman #chicken #saapadu,31,1582978330,85,949100,140,28100
saapatturaman,Bloopers ğŸ˜‚ğŸ˜‚ Mutton Fry â¤ï¸      #tiktokfoodie #nonveglover #nonveg_lover #1mauditiontamil #desifood #saapatturaman #mutton #eatingshow #blooper,7,1582804644,35,955000,118,30500
saapatturaman,2 Full Boiled Chicken Eating ğŸ¤¤ğŸ¤¤ğŸ¤¤  #tiktokfoodie #nonveglover #nonveg_lover #1mauditiontamil #desifood #saapatturaman #chicken #mukbang #eatingshow,19,1582721184,152,1700000,386,49200
saapatturaman,Sunday Special Mutton Fry ğŸ–ğŸ– Normal Day Eating Show #tiktokfoodie #nonveglover #nonveg_lover #mutton #saapatturaman #1mauditiontamil #desifood,16,1582447642,192,1900000,621,86800
saapatturaman,"Tamil Nadu Morning Breakfast Recipe(Idly, Vadai, Dosai) Eating ChallengeğŸ¤¤ğŸ¤¤   #tiktokfoodie #saapadu #vegan #saapatturaman #idly #dosa #vada",16,1582374735,204,2800000,1138,89600
saapatturaman,Mutta DosağŸ³ & Mutton FryğŸ–  #tiktokfoodie #saapatturaman #saapadu #1mauditiontamil #merainternet #chillbro #desifood #mutton #egg,20,1582294883,115,1400000,395,46100
saapatturaman,Nalli Elumbu(mutton bone marrow)ğŸ¤¤ğŸ¤¤ğŸ¤¤     #bonemarrow #saapadu #saapatturaman #tiktokfoodie #1mauditiontamil #merainternet #desifood #eatingshow,22,1582022110,2002,28600000,29800,665200
saapatturaman,Again One Mutton LollipopğŸ—. Big Bite Mukbang     #tiktokfoodie #desifood #1mauditiontamil #familygoals #saapatturaman #mutton #lolipop #mukbang,8,1581944062,136,2000000,639,58700
saapatturaman,3 Full Goat Leg Piece (5 Kg) Eating ChallengeğŸ¤¤ğŸ—       #tiktokfoodie #saapatturaman #goatlegpiece #mutton #desifood #eatingshow  @sabarikumarsk,24,1581866024,50,915800,371,27600
anissafaizul_,Bawak anak anak fruit datang Sunway LagoonğŸ¥°â™¥ï¸ #fyp #fypmalaysia #malaysianinfluencer #anissafaizul #syahmisazli #sunwaylagoon ,35,1686797335,123,293700,133,11600
anissafaizul_,"Dalam video ni pun dah nampak siapa yg banyak mulut, kan?ğŸ¤£ #fyp #fypmalaysia #malaysianinfluencer #anissafaizul #syahmisazli #tiktokmalaysia ",17,1686556269,78,68300,80,4675
anissafaizul_,Ada suprise last video nantiğŸ˜‚ #fyp #fypmalaysia #malaysianinfluencer #anissafaizul #syahmisazli ,14,1686375352,303,931300,760,46700
anissafaizul_,"Doakan semoga urusan Nissa dipermudahkan ya semuağŸ¥°ğŸ¤ Kalau takde rezeki nak keluarkan brand sendiri, Nissa jual tudung sarong orang lain je lağŸ¤£  #fypmalaysia #malaysianinfluencer #anissafaizul #fyp ",222,1686211600,56,76200,45,3692
anissafaizul_,Time ore nk sweet-sweet la dia kalut cari tudung botolğŸ™‚ #CapCut #fypmalaysia #tiktokmalaysia #malaysianinfluencer #trenddalamkereta #pemusnahdietanda #buahhatikusayang #syahmisazli ,36,1685861654,422,1200000,463,62500
anissafaizul_,Dah sampai. Milik siapakah kereta ini?ğŸ¥° #CapCut #fypmalaysia #tiktokmalaysia #anissafaizul #malaysianinfluencer #blank #blankmalaysia ,77,1685608635,785,693100,1175,38100
anissafaizul_,"Beta janji, beta jagağŸ•Šï¸#CapCut #fypmalaysia #tiktokmalaysia #anissafaizul #buahhatiku #buahhatikusayang ",20,1685332152,11,47500,26,1473
anissafaizul_,Korang dah join ke belum? #fypmalaysia #anissafaizul #mekkelate #tiktokmalaysia #fyp #blankmalaysia ,21,1684667400,74,53700,37,974
anissafaizul_,Baik asif la belako,14,1684508424,89,144700,64,5210
anissafaizul_,Korang dah beli ke belum?ğŸˆğŸ‘ #CapCut #fypmalaysia #anissafaizul #mekkelate #malaysianinfluencer #tiktokmalaysia #fyp #tiktokmalaysia #blankmalaysia ,19,1684500324,189,562100,281,16200
anissafaizul_,Tahun ke-6 dan masih lagi dengan orang samağŸ¥°ğŸ¤ #CapCut #fypmalaysia #anissafaizul #buahhatikusayang #mekkelate #malaysianinfluencer #trenddalamkereta #buahhatiku #capcutedit ,12,1684390603,21,69100,26,3121
anissafaizul_,"Replying to @Sase. Malam ni, jam 8 malam ready 400pcs liquid peach dekat beg kuning. Bersiap sedia semuanyağŸ¥°ğŸ¥° #tiktokmalaysia #fypmalaysia #anissafaizul #mekkelate #fyp #hello2023 #malaysianinfluencer #blankmalaysia ",272,1684231944,192,246700,255,8989
anissafaizul_,Anok jateğŸ¥° #tiktokmalaysia #fypmalaysia #anissafaizul #mekkelate #fyp #buahhatikusayang #buahhatiku #hello2023 ,18,1684064326,58,184700,55,11200
anissafaizul_,Replying to @Tihah cheq Pastikan beli dgn orang yg bertanggungjawab tauğŸ«¶ğŸ»ğŸ¤ #tiktokmalaysia #fypmalaysia #anissafaizul #malaysianinfluencer #mekkelate #blankmalaysia #fyp ,73,1684049754,156,325500,303,11700
anissafaizul_,Replying to @Zlan Ada lagi ke soalan pasal contest ni? Meh tanyağŸ¤—ğŸ¤ #tiktokmalaysia #fypmalaysia #anissafaizul #malaysianinfluencer #mekkelate #blankmalaysia #fyp ,149,1683974968,96,145300,177,4993
anissafaizul_,KesayanganğŸ•Šï¸ğŸ¤ #buahhatikusayang #tiktokmalaysia #buahhatiku #fypmalaysia #anissafaizul #malaysianinfluencer #mekkelate #hello2023 ,25,1683898941,37,196500,43,10600
anissafaizul_,"Ni bukan rekaan, ni betul betul!ğŸ˜‚ #tiktokmalaysia #mekkelate #fypmalaysia #anissafaizul #malaysianinfluencer #hello2023 #blankmalaysia ",130,1683856586,289,407300,508,17900
anissafaizul_,"Terima kasih semua. Maaf andai Nissa ada tersalah bicara sepajang Nissa live tiap tiap hari.  Nak join contest, boleh tekan beg kuningğŸ«¶ğŸ»âœ¨ #tiktokmalaysia #mekkelate #anissafaizul #fypmalaysia #kontenpackingorder #hello2023 #blankmalaysia #gadiskelate #malaysianinfluencer ",52,1683734633,106,342600,147,6375
anissafaizul_,Liquid honeydew readystock 60pcs. Last last. Tekan beg kuning cepattt! #tiktokmalaysia #mekkelate #anissafaizul #blankmalaysia #fyp ,15,1683451412,520,609200,655,22400
anissafaizul_,Kijo hariniâ€¦.ğŸ¥° Siap packing 600 lebih parcel sempena contest Blank. #tiktokmalaysia #mekkelate #anissafaizul #blankmalaysia #kontenpackingorder #fyp ,16,1683372678,118,187100,196,8275
anissafaizul_,Contest Blank & Semuth datang lagi! Nak beli boleh tekan beg kuningğŸ«¶ğŸ»âœ¨ #fyp #anissafaizul #syahmisazli #blankmalaysia #tiktokmalaysia #mekkelate ,101,1683203792,260,361400,407,17400
anissafaizul_,"Cayunk awucks, @Syahmi SazliğŸ«¶ğŸ» #fyp #anissafaizul #syahmisazli #tiktokmalaysia #mekkelate ",9,1683120239,200,1100000,372,46300
anissafaizul_,Random content..ğŸ˜†ğŸ¤ #fyp #anissafaizul #syahmisazli #trenddalamkereta #kontenjalanjalan ,23,1683025030,113,259700,370,15800
anissafaizul_,Jadi promoter @BLANK.MALAYSIA hariniğŸ«¢ #fyp #anissafaizul #StarRailChallenge ,148,1682854723,497,633400,1181,29700
anissafaizul_,Adam ni budok juruhğŸ˜ @AdamZbp Hadiah untuk budok juruh. #fyp #anissafaizul #syahmisazli ,116,1682609000,137,224100,135,17500
anissafaizul_,"Nissa jarang gosok tudung ni, sebabtu berkedutğŸ˜‚ Code Nissa pakai â€” Sand tapi dah habis. Code lain yg cantik masih ada. #fyp #anissafaizul ",28,1682593684,157,602100,389,16700
anissafaizul_,Happy eidulfitriâœ¨ #AwesomeDollaRaya ,15,1682138229,50,103300,50,5762
anissafaizul_,Esok! Jangan lupağŸ«¶ğŸ»â™¥ï¸ #fyp #anissafaizul #syahmisazli #airbalangsyahmisazli ,48,1680697900,12,62900,28,1960
anissafaizul_,"Perisa baru yang tak pernah dibuat! Onde-ondeğŸ’š Harga sama je, RM6.60. #fyp #anissafaizul #syahmisazli #airbalangsyahmisazli #belidessert ",30,1680599326,454,2200000,786,88400
anissafaizul_,Strawberry perisa paling topğŸ’“ #fyp #anissafaizul #syahmisazli #airbalangsyahmisazli ,21,1679995123,126,671500,306,22100
syedot_asmr,ğŸ“ Nasi Kandar Bendi di Bukit Jalil #SyedotAsmr #SyedotSiRacun #SyedotFoodReview #FoodReview #TiktokFood #MakanLokal #FoodFestOnTiktok #NasiKandar,58,1686805020,61,127900,41,8922
syedot_asmr,ayam goreng hangus! #SyedotAsmr #SyedotSiRacun #SyedotFoodReview #FoodReview #TiktokFood #MakanLokal #FoodFestOnTiktok,56,1686729927,80,364400,39,20700
syedot_asmr,resipi aming! Pasta Carbonara tapi kita derkaha sikit ğŸ¤£ #SyedotAsmr #SyedotSiRacun #SyedotFoodReview #FoodReview #TiktokFood #MakanLokal #FoodFestOnTiktok,58,1686633323,46,82900,13,6513
syedot_asmr,McFlurry Lotus Biscoff ni hmmm.. hambar! manis leting (just aiskrim vanilla + biscoff crumbles) ğŸ¥² #SyedotAsmr #SyedotSiRacun #SyedotFoodReview #FoodReview #TiktokFood #MakanLokal #FoodFestOnTiktok,21,1686546748,84,91600,87,6344
syedot_asmr,weh GSC Cinemas da buka Happy Food Co. di GSC ioi city mall putrajaya! paling penting makanan korang boleh take away dan bawak masuk wayang! fav aku kalau tapau mozzarella cheese stick & cajun fries! #SyedotAsmr #SyedotSiRacun #SyedotFoodReview #FoodReview #TiktokFood #MakanLokal #FoodFestOnTiktok,59,1686457979,71,131300,159,9632
syedot_asmr,ayam buttermilk percik sedap namaty! time edit ni pon rasa craving da aduh! #SyedotAsmr #SyedotSiRacun #SyedotFoodReview #FoodReview #TiktokFood #MakanLokal #FoodFestOnTiktok,58,1686317148,30,51700,56,3267
syedot_asmr,dalam banyakÂ² churros aku pernah makan! Mr. Churros setakat ni tersedap! #SyedotAsmr #SyedotSiRacun #SyedotFoodReview #FoodReview #TiktokFood #MakanLokal #FoodFestOnTiktok #Churros,59,1686203131,69,144000,97,11100
syedot_asmr,weh dulu viral daging dendeng! kalini ada produk baharu Sambal Kerang & Rendang Ayam! #SyedotAsmr #SyedotSiRacun #SyedotFoodReview #FoodReview #TiktokFood #MakanLokal #FoodFestOnTiktok #DagingDendeng #Sumatraa,59,1686120095,4,33200,7,1621
syedot_asmr,weh dulu viral daging dendeng! kalini ada produk baharu Sambal Kerang & Rendang Ayam! #SyedotAsmr #SyedotSiRacun #SyedotFoodReview #FoodReview #TiktokFood #MakanLokal #FoodFestOnTiktok #DagingDendeng #Sumatraa,59,1686113331,4,17700,7,444
syedot_asmr,ramai suruh cuba akiejack punya â€˜souqapastaâ€™ tapi time ni makan santaiÂ² je! komen kat bawah kalau korang nak aku buat full review menu best seller dia #SyedotAsmr #SyedotSiRacun #SyedotFoodReview #FoodReview #TiktokFood #MakanLokal #FoodFestOnTiktok ##AkieJack #SouqaPasta,37,1685954546,93,167100,96,13200
syedot_asmr,Replying to @BoB pEnG   Nasi Kandar Mamu FZ di Palam #SyedotAsmr #SyedotSiRacun #SyedotFoodReview #FoodReview #TiktokFood #MakanLokal #FoodFestOnTiktok,46,1685869593,233,259000,284,17400
syedot_asmr,selambak petai dibubuhnya! #SyedotAsmr #SyedotSiRacun #SyedotFoodReview #FoodReview #TiktokFood #MakanLokal,32,1685792629,15,60100,14,2515
syedot_asmr,selambak petai dia bagi weh! #SyedotAsmr #SyedotSiRacun #SyedotFoodReview #FoodReview #TiktokFood #MakanLokal,32,1685782024,4,20700,2,326
syedot_asmr,viral teruk ya kat twitter menu baharu buttercrÃ¨me series di ZUS Coffee aku punya fav iced buttercrÃ¨me lattÃ© minta extra shot! memang ngam habis! berlemak manis masin dan dibalas pahit pahit kenikmatan namanya! ada juga buttercrÃ¨me black tau bagi yang tak nak ada susu #SyedotAsmr #SyedotSiRacun #SyedotFoodReview #FoodReview #TiktokFood #MakanLokal #ZUSCoffee #TheButtercrÃ¨meSeries,47,1685690043,74,191600,218,11000
syedot_asmr,CILI CAROLINA REAPER! hantu pedas sila munculkan diri anda! #SyedotAsmr #SyedotSiRacun #SyedotFoodReview #FoodReview #TiktokFood #MakanLokal #HotBird #CarolinaReaper,59,1685596417,82,313700,422,27900
syedot_asmr,tak sangka sekali buat je menjadi Donut Red Velvet ni ğŸ˜­ #SyedotAsmr #SyedotSiRacun #SyedotFoodReview #FoodReview #MakanLokal #DonutRedVelvet #DonutRedVelvetEiraAziera,59,1685508603,123,551200,88,40700
syedot_asmr,siapa da cuba Samyang Yakisoba baharu ni? #SyedotAsmr #SyedotFoodReview #FoodReview #TiktokFood #MakanLokal #SamyangYakisoba #Samyang,59,1685086750,37,82400,93,5270
syedot_asmr,sambal hijau daging petai dia sumpah sedap! macam orang dulu dulu yang masak! ğŸ¤¤ #SyedotAsmr #SyedotFoodReview #FoodReview #TiktokFood #MakanLokal #SambalHijau,59,1684995673,7,51100,28,1993
syedot_asmr,ramai betul suruh cuba makan Cereal T20 produk Aqil Zukiflee ni! demi korang aku beli tau!  #SyedotAsmr #SyedotFoodReview #FoodReview #TiktokFood #MakanLokal #AqilZulkiflee ,53,1684919978,97,411000,34,29800
syedot_asmr,weh! Family Mart di Menara U Shah Alam sekarang dah ada Sijil Halal dari Jakim! ğŸ˜± rasanya ni Convenient Store cafe pertama di Malaysia yang dapat Sijil HALAL! #FamilyMartMY #FamiCafe #SyedotAsmr #SyedotFoodReview #FoodReview #TiktokFood #MakanLokal,56,1684486072,49,170800,51,14200
syedot_asmr,pengemar Ayam Geprek sila munculkan diri! #SyedotAsmr #SyedotFoodReview #FoodReview #TiktokFood #MakanLokal #AyamGeprek,57,1684396544,34,171400,58,14000
syedot_asmr,Replying to @shebumbum Nasi Kandar Sadam! ramai kata sama macam Nasi Kandar Sulaiman? betul ke? sbb ritu pergi penang kedai dia tutup awal 2:30pm dan last order 1pm da tutup #SyedotAsmr #SyedotFoodReview #FoodReview #TiktokFood #MakanLokal #NasiKandar,55,1684218913,205,254800,143,17200
syedot_asmr,permintaan korang untuk cuba Nasi Kandar Apollo ğŸ¤¤ #SyedotAsmr #SyedotFoodReview #FoodReview #TiktokFood #MakanLokal #NasiKandar,59,1683879297,182,294300,63,21200
syedot_asmr,kenapa aku punya kfc extra spicy & cripsy ni gelap?! orang lain elok je oren kemerahan! hmm! baru balik krabi thailand ke cemana ayam ni?! #SyedotAsmr #SyedotFoodReview #FoodReview #TiktokFood #MakanLokal #KFC,49,1683617638,136,315300,250,24600
syedot_asmr,ayam bali aming ni sedap gila! tak sangka lak menjadi! next nak tiru resipi siapa? cer komen n balik link url #SyedotAsmr #SyedotFoodReview #FoodReview #TiktokFood #MakanLokal,59,1683183552,89,141700,20,9668
syedot_asmr,weh! ZUS Coffee ada keluarkan menu baharu! iaitu Velvet CrÃ¨me Series! Velvet CrÃ¨me dia padu! #SyedotAsmr #SyedotFoodReview #FoodReview #TiktokFood #MakanLokal #ZUSCoffee,50,1683095462,35,96400,123,3165
syedot_asmr,ini ke DONUT RED VELVET yang viral kat PENANG tu?! donut eira aziera @Eira Aziera #SyedotAsmr #SyedotFoodReview #FoodReview #TiktokFood #MakanLokal #DonutRedVelvet ,59,1683015818,231,658100,256,33800
syedot_asmr,"GIVEAWAY UNTUK 10 ORANG BERTUAH Caranya mudah je: 1) komen sahaja apa apa 2) tagged @Thong Bowl @syedotasmr 3) tamat 30/04/2022 tapi serious makanan di @thongbowl memang sedap! kuah pekat, kick rasa dia! ğŸ¤¤ #SyedotAsmr #SyedotFoodReview #FoodReview #TiktokFood #MakanLokal #BukaPuasa #InspirasiRamadan",59,1681972912,169,216400,137,24800
syedot_asmr,da nak raya! kena berjimat duit! kita makan TELUR MASAK KICAP jelah! kos pon rendah! tak membazir duit!ğŸ¤¤ jap! kenapa pisau dan bawang tu kecik sangat ekk?! sampai nak pegang bawang cili semua tu pon susah! bersenget senget jari jemari ku!ğŸ˜­ #SyedotAsmr #SyedotFoodReview #FoodReview #TiktokFood #MakanLokal #BukaPuasa #InspirasiRamadan,52,1681887842,303,765100,468,45000
syedot_asmr,Replying to @jeff kat mana jual sengkuang calit letak banyak sos merah tu ekk? kedai aku beli ni tak tau lah! orang minta lebih pon tak bagi! charge jela extra sos tu ğŸ˜­ğŸ˜­ ke kat tiktok ada jual sos dia ek? nak cari lah! #SyedotAsmr #SyedotFoodReview #FoodReview #TiktokFood #MakanLokal #BukaPuasa #InspirasiRamadan,28,1681714022,227,470000,121,22000
richard_is_cooking,Tak perlu acuan pun blh wak bentuk LOVE #tiktokchef #tiktokguru #richard_is_cooking ,52,1686220393,16,8385,10,586
richard_is_cooking,Replying to @siskapoor nih..cara yg senang utk guna chopstick #tiktokchef #tiktokguru #richard_is_cooking #makanlokal ,39,1685416088,62,39700,58,2462
richard_is_cooking,Sayur campur dengan hiasan yang berselera #sayurcampur #makanlokal #masakdirumah #richard_is_cooking ,67,1684753774,68,143300,660,5131
richard_is_cooking,Geramnya dengar ayat dia bagi..tak tau dia puji keh perli..hanya di Timberland KTCC MALL KUALA Terengganu #timberland #KTCCMALL ,47,1684554432,53,45700,63,2168
richard_is_cooking,Pes tomyam pun boleh buat ayam bakar..sedak gok <Ayam Bakar Tomyam> #AyamBakarTomyam #MakanLokal #masakdirumah #richardiscooking #tiktokchef ,96,1684150736,138,373000,485,29700
richard_is_cooking,Roti pun boleh buat pattaya jugak #rotisardin #pattaya #inspirasiraya #richard_is_cooking #makanlokal ,67,1683175849,53,110200,264,1971
richard_is_cooking,Betul ke kalu mai Melaka wajib kena cuba #coconutshake #klebang #makanlokal #richard_is_cooking ,25,1682746728,18,17000,32,631
richard_is_cooking,Selamat hari raya Aidilfitri kepada semua kawan kawan #inspirasiraya ,20,1682093513,11,8431,1,337
richard_is_cooking,Aiskrim paling legend di Malaysia #aiskrimmalaysia #inspirasiraya #makanlokal #richard_is_cooking @galakanpasaranterengganu @FAMATerengganu @Promosifama ,59,1682064690,11,24700,20,1091
richard_is_cooking,<Bihun Kungfu> citarasa restoran #inspirasiraya #inspirasiramadan #bukapuasa #bihunkungfu @galakanpasaranterengganu @FAMATerengganu @Promosifama ,91,1681886877,244,240600,3332,10200
richard_is_cooking,Jom buka puasa atas bot #inspirasiraya #bukapuasa #inspirasiramadan #makanlokal #richard_is_cooking #jomtravel @Sekati Emas @Long Chin ,55,1681540620,45,112500,221,3955
richard_is_cooking,Jom buat Sizzling Tofu Boh yang lebih aromatic & lebih enak. Memang Ummph! Jangan lupa BOH peraduan Ummph! Raya. Anda boleh menang hadiah lumayan sehingga 90k.Tertakluk kepada terma & syarat. Layari bohtea com untuk maklumat lanjut. #sizzlingtofu #richardiscooking #makanlokal #bukapuasa #BOHTea #LebihKawLebihUmmph #PeraduanUmmphRaya #30Hari30Resepi #Ramadan2023 #fyp #TikTokChef,90,1681384300,255,457500,4830,19600
richard_is_cooking,Lepak mane malam malam..mai ah Kopi Juweh sekali #inspirasiramadan #makanlokal #richard_is_cooking #jommakan ,35,1681130819,15,19000,51,734
richard_is_cooking,"<Teh BOH LaiciKang> buat sendiri baru puah hati. Alang alang meh ler join BOH peraduan Ummph! Raya, tengok je steps kat last video ni. Raya nanti ada chance menang hadiah-hadiah bernilai sehingga 90k utama duit raya bernilai 50k. Tertakluk kepada terma dan syarat. Layari bohtea com untuk maklumat lanjut. #LaiciKang #richardiscooking #makanlokal #bukapuasa #BOHTea #LebihKawLebihUmmph #PeraduanUmmphRaya #30Hari30Resepi #Ramadan2023 #fyp #TikTokChef",60,1681029752,276,283500,2924,10900
richard_is_cooking,"Tak tau nak masak apa lg dah ğŸ˜µâ€ğŸ’«..jangan risau goncang je telifon kitaâ€¦idea mari lahlu Adanya Kimball, Resipi Bikin Jadi! @kimballmy #ResipiBikinJadi #KongsiResipiKimball #KimballMalaysia #inspirasiramadan #bukapuasa #richard_is_cooking ",66,1680519847,22,21000,51,2384
richard_is_cooking,Nok makan Aiskrim Mango yg pure blh cuba wak gini #aiskrimmango #bukapuasa #inspirasiramadan #rayalemon8 #richard_is_cooking ,27,1680410811,125,987900,413,42100
richard_is_cooking,Kuih wajib kena ada Sempena Ramadan <Onde-Onde> #bukapuasa #inspirasiramadan #rayalemon8 #ondeonde #richard_is_cooking ,90,1680339950,35,49200,162,1500
richard_is_cooking,Suasana di Bazaar Ramadhan Shah Bandar Kuala Terengganu #BukaPuasa #inspirasiramadan #bazaarramadan #richard_is_cooking ,79,1679974048,46,54500,132,1664
richard_is_cooking,Nok wak Lychee dessert kanâ€¦Bereh ahâ€¦wak mai je #jommakan #inspirasiramadan #bukapuasa #laici ,38,1679287421,87,119100,502,4454
richard_is_cooking,Bini x pernah makan <Pengat Jagung> siap dia habis makan seorangğŸ˜‚ #pengatjagung #buburjagung  #makanlokal #richard_is_cooking #simplefoodrecipes #tiktokfoodrecipes ,44,1678420936,51,49100,97,1685
richard_is_cooking,Sedak gok petang petang lepak tepi pantai makan Oden #oden #pantai #batuburokkualaterengganu #makanlokal #richard_is_cooking ,45,1678020062,42,46800,46,1650
richard_is_cooking,Sushi?Nasi kunyit?Pulut kuning? #nasikunyit #ayamrendang #makanlokal #homecooking #richard_is_cooking ,189,1677578085,164,113000,537,4943
richard_is_cooking,<Mee Kungfu>pun blh terbangğŸ˜‚ #meeterbang #meekungfu #makanlokal #masakdirumah #richard_is_cooking ,132,1676890387,386,1100000,1845,81600
richard_is_cooking,"Mewahnya hidangan nih,blh dah ajak kawan ataupun saudara mai rumah makan sekali #udangsteambawangputih #makanlokal #masakdirumah #richard_is_cooking ",59,1676261437,105,268900,957,10400
richard_is_cooking,Bubur Pulut Hitam yg Richard belajar dengan nenek masa muda #buburpuluthitam #masakdirumah #richard_is_cookin ,53,1675858886,167,615700,1001,21400
richard_is_cooking,Air Fryer pun blh wak telur separuh masakâ€¦biar betul #telurseparuhmasak  #simplus #simplusmy #mcnwinbegin #richard_is_cooking  ,31,1675427356,32,89300,224,3533
richard_is_cooking,Nasi Ayam paling legend di Kuala Terengganu#nasiayamyunnan #batuburok #makanlokal #richard_is_cooking ,50,1675164743,424,242700,815,12200
richard_is_cooking,Selamat tahun baru cina kpd saudara mara dan kawan kawan yg akan menyambut CNY #houristo  #arenaboutiquehotel #levelupfitnesskualaterengganu #richard_is_cooking #cnyfood #cnybazaar2023 ,11,1674357930,32,27000,7,715
richard_is_cooking,"<Kuih Bakul> tak susah mane pun nak buat..setahun Richard akan buat sekali sempena CNY.Jadi mari tengok cara-cara buat kuih bakul.Tapi sblm tu,jgn lupa periksa gas memasak dulu yea Happy Chinese New Year dan selamat bercuti #cnyfood #cnybazaar2023 #seleratradisibersamapetrongasul #petronmalaysia ##heritagefood #masakantradisional ",177,1674191596,346,379300,1539,19400
richard_is_cooking,"Dah nak dekat Chinese New Year ni, mesti lah sibuk kan sebab nak prepare banyak sangat benda. Kali ni, korang teman Richard membuat Nestum Butter Cookies untuk Richard hadiahkan kepada family and friends Richard ya! Korang tau tak, Nestum Butter cookies ni dah lah simple nak buat, sedap lagi tu! Jangan lupa untuk mencuba dekat rumah ya ğŸ˜Š #nestumbuttercookies #cnybazaar2023  #richard_is_cooking",89,1674039047,168,3700000,1424,22100
