Photo ID,Title,Owner,Server,Tags,Source,Label,Width,Height,Url
52882969236,José_04883,97555832@N08,65535,,https://live.staticflickr.com/65535/52882969236_15896a57d3_s.jpg,Square,75,75,https://www.flickr.com/photos/wayloncash/52882969236/sizes/sq/
52883110899,Cicc,196642973@N07,65535,,https://live.staticflickr.com/65535/52883110899_4ea950c596_s.jpg,Square,75,75,https://www.flickr.com/photos/196642973@N07/52883110899/sizes/sq/
52883115065,placid,128139955@N02,65535,,https://live.staticflickr.com/65535/52883115065_14c0f680ca_s.jpg,Square,75,75,https://www.flickr.com/photos/128139955@N02/52883115065/sizes/sq/
52882610896,Z9_DSC_8889_C1,45148911@N06,65535,,https://live.staticflickr.com/65535/52882610896_31d436b912_s.jpg,Square,75,75,https://www.flickr.com/photos/bazoka/52882610896/sizes/sq/
52883054018,Z9_DSC_8891_C1,45148911@N06,65535,,https://live.staticflickr.com/65535/52883054018_f4d16f0108_s.jpg,Square,75,75,https://www.flickr.com/photos/bazoka/52883054018/sizes/sq/
52882031082,Z9_DSC_8861_C1,45148911@N06,65535,,https://live.staticflickr.com/65535/52882031082_ab902e26c0_s.jpg,Square,75,75,https://www.flickr.com/photos/bazoka/52882031082/sizes/sq/
52880947467,20230505_SeniorToast_7A9A6545,192961890@N07,65535,,https://live.staticflickr.com/65535/52880947467_1760f8fa8c_s.jpg,Square,75,75,https://www.flickr.com/photos/192961890@N07/52880947467/sizes/sq/
52880754342,"Zero, the Cat.",57666622@N04,65535,,https://live.staticflickr.com/65535/52880754342_9e96cfd12c_s.jpg,Square,75,75,https://www.flickr.com/photos/villanuevaphotography/52880754342/sizes/sq/
52879545661,Belgium - Brussels - Parc de Bruxelles - Sculpture - Le Cat Walks - L'autre discobule,55578087@N08,65535,,https://live.staticflickr.com/65535/52879545661_a70d6f4d8b_s.jpg,Square,75,75,https://www.flickr.com/photos/julesfoto/52879545661/sizes/sq/
52879657308,Frank enjoying a sunbeam,198266756@N07,65535,,https://live.staticflickr.com/65535/52879657308_b5031b9a21_s.jpg,Square,75,75,https://www.flickr.com/photos/198266756@N07/52879657308/sizes/sq/
52879264380,Neighbourhood Watch,59349978@N08,65535,,https://live.staticflickr.com/65535/52879264380_bd0902f5b8_s.jpg,Square,75,75,https://www.flickr.com/photos/snedex/52879264380/sizes/sq/
52879264240,Peace and Quiet,59349978@N08,65535,,https://live.staticflickr.com/65535/52879264240_3e6973d0b7_s.jpg,Square,75,75,https://www.flickr.com/photos/snedex/52879264240/sizes/sq/
52879247140,Event Photography,24537063@N08,65535,,https://live.staticflickr.com/65535/52879247140_ec68f9cc98_s.jpg,Square,75,75,https://www.flickr.com/photos/londonmace/52879247140/sizes/sq/
52879028574,Event Photography,24537063@N08,65535,,https://live.staticflickr.com/65535/52879028574_4657694f74_s.jpg,Square,75,75,https://www.flickr.com/photos/londonmace/52879028574/sizes/sq/
52878257642,Echo • Ember,142048314@N07,65535,,https://live.staticflickr.com/65535/52878257642_649dc6a14d_s.jpg,Square,75,75,https://www.flickr.com/photos/maldakhd/52878257642/sizes/sq/
52879215795,Echo • Ember,142048314@N07,65535,,https://live.staticflickr.com/65535/52879215795_e936be583c_s.jpg,Square,75,75,https://www.flickr.com/photos/maldakhd/52879215795/sizes/sq/
52878144161,Day 183: Big yawn,8349398@N06,65535,,https://live.staticflickr.com/65535/52878144161_90df37bb2a_s.jpg,Square,75,75,https://www.flickr.com/photos/allankcrain/52878144161/sizes/sq/
52877363007,,157451024@N03,65535,,https://live.staticflickr.com/65535/52877363007_f03f8bcf50_s.jpg,Square,75,75,https://www.flickr.com/photos/thedimpause/52877363007/sizes/sq/
52878345488,Cat Family Brand Logo,198265688@N04,65535,,https://live.staticflickr.com/65535/52878345488_51a280a1b4_s.jpg,Square,75,75,https://www.flickr.com/photos/198265688@N04/52878345488/sizes/sq/
52878056095,OM1_P5070233_C1,45148911@N06,65535,,https://live.staticflickr.com/65535/52878056095_0f7fee5fdc_s.jpg,Square,75,75,https://www.flickr.com/photos/bazoka/52878056095/sizes/sq/
52876724162,Persische Leoparden (Panthera pardus tulliana) P1220946,126576470@N07,65535,,https://live.staticflickr.com/65535/52876724162_9ae80c6c81_s.jpg,Square,75,75,https://www.flickr.com/photos/126576470@N07/52876724162/sizes/sq/
52876922084,A1_DSC08198_C1,45148911@N06,65535,,https://live.staticflickr.com/65535/52876922084_a74e049770_s.jpg,Square,75,75,https://www.flickr.com/photos/bazoka/52876922084/sizes/sq/
52876321811,Get Inked,138837019@N04,65535,,https://live.staticflickr.com/65535/52876321811_bba01355e3_s.jpg,Square,75,75,https://www.flickr.com/photos/138837019@N04/52876321811/sizes/sq/
52875649152,Happy Holly,34106278@N04,65535,,https://live.staticflickr.com/65535/52875649152_59a3fb92a7_s.jpg,Square,75,75,https://www.flickr.com/photos/bkhagar_gallery/52875649152/sizes/sq/
52876297729,Cat #24,37996583933@N01,65535,,https://live.staticflickr.com/65535/52876297729_91936133f2_s.jpg,Square,75,75,https://www.flickr.com/photos/marcn/52876297729/sizes/sq/
52875551547,Cat #13,37996583933@N01,65535,,https://live.staticflickr.com/65535/52875551547_a4798e7505_s.jpg,Square,75,75,https://www.flickr.com/photos/marcn/52875551547/sizes/sq/
52876207033,Sumatran tiger cub,65984184@N05,65535,,https://live.staticflickr.com/65535/52876207033_a003d4b595_s.jpg,Square,75,75,https://www.flickr.com/photos/wadeyc/52876207033/sizes/sq/
52875442201,Hungry Black and White Cat,88851674@N06,65535,,https://live.staticflickr.com/65535/52875442201_b28b496a7f_s.jpg,Square,75,75,https://www.flickr.com/photos/smilehawaii/52875442201/sizes/sq/
52875194246,OM1_P5060158_C1,45148911@N06,65535,,https://live.staticflickr.com/65535/52875194246_b6621f7669_s.jpg,Square,75,75,https://www.flickr.com/photos/bazoka/52875194246/sizes/sq/
52875359099,OM1_P5060161_C1,45148911@N06,65535,,https://live.staticflickr.com/65535/52875359099_22dcd82978_s.jpg,Square,75,75,https://www.flickr.com/photos/bazoka/52875359099/sizes/sq/
52874912896,"Bridget & Dennis, April 2023",54849345@N00,65535,,https://live.staticflickr.com/65535/52874912896_db21cfa4b8_s.jpg,Square,75,75,https://www.flickr.com/photos/psbirch/52874912896/sizes/sq/
52874840751,clouded leopard ouwehand ED8A3521,62950692@N03,65535,,https://live.staticflickr.com/65535/52874840751_52749657fd_s.jpg,Square,75,75,https://www.flickr.com/photos/jakok/52874840751/sizes/sq/
52875221175,clouded leopard ouwehand ED8A3446,62950692@N03,65535,,https://live.staticflickr.com/65535/52875221175_d25e83f69c_s.jpg,Square,75,75,https://www.flickr.com/photos/jakok/52875221175/sizes/sq/
52875169253,Love in spring <3,149321712@N06,65535,,https://live.staticflickr.com/65535/52875169253_6460e04351_s.jpg,Square,75,75,https://www.flickr.com/photos/149321712@N06/52875169253/sizes/sq/
52874697754,2023-05-06 15.14.53,42035325@N00,65535,,https://live.staticflickr.com/65535/52874697754_1e11678e92_s.jpg,Square,75,75,https://www.flickr.com/photos/smoy/52874697754/sizes/sq/
52873950532,2023-05-06 15.13.53,42035325@N00,65535,,https://live.staticflickr.com/65535/52873950532_2de61f94a6_s.jpg,Square,75,75,https://www.flickr.com/photos/smoy/52873950532/sizes/sq/
52874686499,2023-05-06 15.14.58-1,42035325@N00,65535,,https://live.staticflickr.com/65535/52874686499_39e2a93495_s.jpg,Square,75,75,https://www.flickr.com/photos/smoy/52874686499/sizes/sq/
52873901737,Devoted cat takes a break from watching the coronation,48919176@N05,65535,,https://live.staticflickr.com/65535/52873901737_b721053f47_s.jpg,Square,75,75,https://www.flickr.com/photos/newportcollier/52873901737/sizes/sq/
52874403305,DSC_2011 裁切,52519541@N00,65535,,https://live.staticflickr.com/65535/52874403305_30cc27088d_s.jpg,Square,75,75,https://www.flickr.com/photos/aoshi0302/52874403305/sizes/sq/
52873446377,DSC_2013 裁切,52519541@N00,65535,,https://live.staticflickr.com/65535/52873446377_71d6e8ea49_s.jpg,Square,75,75,https://www.flickr.com/photos/aoshi0302/52873446377/sizes/sq/
52874465208,DSC_1968 修改,52519541@N00,65535,,https://live.staticflickr.com/65535/52874465208_84683e8581_s.jpg,Square,75,75,https://www.flickr.com/photos/aoshi0302/52874465208/sizes/sq/
52873445722,DSC_2220,52519541@N00,65535,,https://live.staticflickr.com/65535/52873445722_8103e16b00_s.jpg,Square,75,75,https://www.flickr.com/photos/aoshi0302/52873445722/sizes/sq/
52874193814,DSC_2201,52519541@N00,65535,,https://live.staticflickr.com/65535/52874193814_6bf3aa3d2f_s.jpg,Square,75,75,https://www.flickr.com/photos/aoshi0302/52874193814/sizes/sq/
52874019469,A1_DSC08139_C1,45148911@N06,65535,,https://live.staticflickr.com/65535/52874019469_97d146c518_s.jpg,Square,75,75,https://www.flickr.com/photos/bazoka/52874019469/sizes/sq/
52874290613,A1_DSC08155_C1,45148911@N06,65535,,https://live.staticflickr.com/65535/52874290613_ba2d75b8f9_s.jpg,Square,75,75,https://www.flickr.com/photos/bazoka/52874290613/sizes/sq/
52873269182,A1_DSC08181_C1,45148911@N06,65535,,https://live.staticflickr.com/65535/52873269182_939d121058_s.jpg,Square,75,75,https://www.flickr.com/photos/bazoka/52873269182/sizes/sq/
52872811231,Sleepy Time,193703538@N02,65535,,https://live.staticflickr.com/65535/52872811231_0341032e41_s.jpg,Square,75,75,https://www.flickr.com/photos/adrianmjones/52872811231/sizes/sq/
52872886719,Noodle yawns,98587546@N00,65535,,https://live.staticflickr.com/65535/52872886719_e4f9175d4f_s.jpg,Square,75,75,https://www.flickr.com/photos/98587546@N00/52872886719/sizes/sq/
52872134007,Javan Leopard - Zoo Prague,136445189@N07,65535,,https://live.staticflickr.com/65535/52872134007_153890f34d_s.jpg,Square,75,75,https://www.flickr.com/photos/mandennophotography/52872134007/sizes/sq/
52872482223,Staring Contest Winner - IMG_0663,43203127@N03,65535,,https://live.staticflickr.com/65535/52872482223_f60b282231_s.jpg,Square,75,75,https://www.flickr.com/photos/tbrianhager/52872482223/sizes/sq/
52870854662,ADAC Racing Weekend - Hockenheim,194316707@N04,65535,,https://live.staticflickr.com/65535/52870854662_6b72e4731e_s.jpg,Square,75,75,https://www.flickr.com/photos/194316707@N04/52870854662/sizes/sq/
52871382556,A1_DSC08103_C1,45148911@N06,65535,,https://live.staticflickr.com/65535/52871382556_45a602788b_s.jpg,Square,75,75,https://www.flickr.com/photos/bazoka/52871382556/sizes/sq/
52871381796,A1_DSC08112_C1,45148911@N06,65535,,https://live.staticflickr.com/65535/52871381796_cfafbfc165_s.jpg,Square,75,75,https://www.flickr.com/photos/bazoka/52871381796/sizes/sq/
52871381511,A1_DSC08044_C1,45148911@N06,65535,,https://live.staticflickr.com/65535/52871381511_a5e589bebb_s.jpg,Square,75,75,https://www.flickr.com/photos/bazoka/52871381511/sizes/sq/
52871363914,Emma&Gracie-14,194535189@N08,65535,,https://live.staticflickr.com/65535/52871363914_41005388a3_s.jpg,Square,75,75,https://www.flickr.com/photos/keylor19/52871363914/sizes/sq/
52871184266,Emma&Gracie-37,194535189@N08,65535,,https://live.staticflickr.com/65535/52871184266_dc8722a9d0_s.jpg,Square,75,75,https://www.flickr.com/photos/keylor19/52871184266/sizes/sq/
52871350349,Emma&Gracie-43,194535189@N08,65535,,https://live.staticflickr.com/65535/52871350349_b836f7d0da_s.jpg,Square,75,75,https://www.flickr.com/photos/keylor19/52871350349/sizes/sq/
52871609243,Emma&Gracie-62,194535189@N08,65535,,https://live.staticflickr.com/65535/52871609243_5efc3d8072_s.jpg,Square,75,75,https://www.flickr.com/photos/keylor19/52871609243/sizes/sq/
52871172931,Emma&Gracie-66,194535189@N08,65535,,https://live.staticflickr.com/65535/52871172931_a804e18572_s.jpg,Square,75,75,https://www.flickr.com/photos/keylor19/52871172931/sizes/sq/
52871229309,Potato,42595976@N06,65535,,https://live.staticflickr.com/65535/52871229309_60b007fcac_s.jpg,Square,75,75,https://www.flickr.com/photos/bellemarematt/52871229309/sizes/sq/
52871336558,"Berlin, Feb-2023",67734410@N00,0,,https://live.staticflickr.com/31337/52871336558_1f8aacc30b_s.jpg,Square,75,75,https://www.flickr.com/photos/maltman23/52871336558/sizes/sq/
52870371002,Meta narrative,37964029@N08,65535,,https://live.staticflickr.com/65535/52870371002_6d3c0efed8_s.jpg,Square,75,75,https://www.flickr.com/photos/37964029@N08/52870371002/sizes/sq/
52870291291,2023_P6A05465 Sasha,186499581@N05,65535,,https://live.staticflickr.com/65535/52870291291_cb032e088a_s.jpg,Square,75,75,https://www.flickr.com/photos/186499581@N05/52870291291/sizes/sq/
52870584320,Amandine,114457779@N08,65535,,https://live.staticflickr.com/65535/52870584320_aa3200f2c3_s.jpg,Square,75,75,https://www.flickr.com/photos/114457779@N08/52870584320/sizes/sq/
52869915413,Cute Black Cartoon Cat. Cattitude is Everything,197315048@N07,65535,,https://live.staticflickr.com/65535/52869915413_967efdbdb4_s.jpg,Square,75,75,https://www.flickr.com/photos/197315048@N07/52869915413/sizes/sq/
52869517105,Animal Instinc NO WAR,89279711@N04,65535,,https://live.staticflickr.com/65535/52869517105_b24cbc1112_s.jpg,Square,75,75,https://www.flickr.com/photos/ampafortaleza/52869517105/sizes/sq/
52868906601,Sleepy Kitty,198238624@N03,65535,,https://live.staticflickr.com/65535/52868906601_3492d26a84_s.jpg,Square,75,75,https://www.flickr.com/photos/molydadamico/52868906601/sizes/sq/
52868906481,Kitty Burrito,198238624@N03,65535,,https://live.staticflickr.com/65535/52868906481_06273f306b_s.jpg,Square,75,75,https://www.flickr.com/photos/molydadamico/52868906481/sizes/sq/
52868280877,A1_DSC07977_C1,45148911@N06,65535,,https://live.staticflickr.com/65535/52868280877_c6a42415f4_s.jpg,Square,75,75,https://www.flickr.com/photos/bazoka/52868280877/sizes/sq/
52868279692,A1_DSC07994_C1,45148911@N06,65535,,https://live.staticflickr.com/65535/52868279692_5a188361c3_s.jpg,Square,75,75,https://www.flickr.com/photos/bazoka/52868279692/sizes/sq/
52869018174,A1_DSC08003_C1,45148911@N06,65535,,https://live.staticflickr.com/65535/52869018174_ac7473e25d_s.jpg,Square,75,75,https://www.flickr.com/photos/bazoka/52869018174/sizes/sq/
52868347439,20181026 23.56.51c,19872565@N00,65535,,https://live.staticflickr.com/65535/52868347439_ecc4dc3469_s.jpg,Square,75,75,https://www.flickr.com/photos/fantasyfan/52868347439/sizes/sq/
52868532370,Yellow eye,196946764@N02,65535,,https://live.staticflickr.com/65535/52868532370_38846f1bc5_s.jpg,Square,75,75,https://www.flickr.com/photos/196946764@N02/52868532370/sizes/sq/
52867115902,sky 03.05.2023,58526667@N00,65535,,https://live.staticflickr.com/65535/52867115902_7c2105348c_s.jpg,Square,75,75,https://www.flickr.com/photos/4dreams/52867115902/sizes/sq/
52867958935,Happy Cat :-),82150312@N03,65535,,https://live.staticflickr.com/65535/52867958935_a79ec635da_s.jpg,Square,75,75,https://www.flickr.com/photos/mm-photoart/52867958935/sizes/sq/
52867129646,TV stand? More like cat sleep shelf.,198021018@N04,65535,,https://live.staticflickr.com/65535/52867129646_5cbae80f13_s.jpg,Square,75,75,https://www.flickr.com/photos/naabubakar/52867129646/sizes/sq/
52867047554,Lazy Cat in the morning 2,197785424@N07,65535,,https://live.staticflickr.com/65535/52867047554_9e7915ea35_s.jpg,Square,75,75,https://www.flickr.com/photos/197785424@N07/52867047554/sizes/sq/
52867269578,Enjoying the nature,191790606@N07,65535,,https://live.staticflickr.com/65535/52867269578_10ac4576f7_s.jpg,Square,75,75,https://www.flickr.com/photos/191790606@N07/52867269578/sizes/sq/
52867157120,,67095818@N05,65535,,https://live.staticflickr.com/65535/52867157120_872dbf74d8_s.jpg,Square,75,75,https://www.flickr.com/photos/aschuhmannphotos/52867157120/sizes/sq/
52866140162,CofeeCat,9893763@N08,65535,,https://live.staticflickr.com/65535/52866140162_f35b1a786e_s.jpg,Square,75,75,https://www.flickr.com/photos/cybermacs/52866140162/sizes/sq/
52867029028,cats,10894947@N06,65535,,https://live.staticflickr.com/65535/52867029028_340ce3fe71_s.jpg,Square,75,75,https://www.flickr.com/photos/10894947@N06/52867029028/sizes/sq/
52865864972,IMG_0817.jpg,99174589@N00,65535,,https://live.staticflickr.com/65535/52865864972_ea78272ef0_s.jpg,Square,75,75,https://www.flickr.com/photos/copycatfilms/52865864972/sizes/sq/
52866442896,IMG_0803.jpg,99174589@N00,65535,,https://live.staticflickr.com/65535/52866442896_2dab89fdc6_s.jpg,Square,75,75,https://www.flickr.com/photos/copycatfilms/52866442896/sizes/sq/
52866805595,A1_DSC07906_C1,45148911@N06,65535,,https://live.staticflickr.com/65535/52866805595_ccbf940396_s.jpg,Square,75,75,https://www.flickr.com/photos/bazoka/52866805595/sizes/sq/
52866854258,A1_DSC07950_C1,45148911@N06,65535,,https://live.staticflickr.com/65535/52866854258_dc6beb80f7_s.jpg,Square,75,75,https://www.flickr.com/photos/bazoka/52866854258/sizes/sq/
52866854018,A1_DSC07954_C1,45148911@N06,65535,,https://live.staticflickr.com/65535/52866854018_c75aa72c57_s.jpg,Square,75,75,https://www.flickr.com/photos/bazoka/52866854018/sizes/sq/
52865834502,A1_DSC07959_C1,45148911@N06,65535,,https://live.staticflickr.com/65535/52865834502_b6cfb1a925_s.jpg,Square,75,75,https://www.flickr.com/photos/bazoka/52865834502/sizes/sq/
52866801895,A1_DSC07961_C1,45148911@N06,65535,,https://live.staticflickr.com/65535/52866801895_87c9742064_s.jpg,Square,75,75,https://www.flickr.com/photos/bazoka/52866801895/sizes/sq/
52865900254,Egg,42595976@N06,65535,,https://live.staticflickr.com/65535/52865900254_1616b22ec9_s.jpg,Square,75,75,https://www.flickr.com/photos/bellemarematt/52865900254/sizes/sq/
52865851729,4848,8318671@N07,65535,,https://live.staticflickr.com/65535/52865851729_b21330e78c_s.jpg,Square,75,75,https://www.flickr.com/photos/8318671@N07/52865851729/sizes/sq/
52865856878,Murgs,12131771@N03,65535,,https://live.staticflickr.com/65535/52865856878_893a2b7c72_s.jpg,Square,75,75,https://www.flickr.com/photos/the_gonz/52865856878/sizes/sq/
52865304046,Graffito,27396057@N03,65535,,https://live.staticflickr.com/65535/52865304046_bdcb777b8d_s.jpg,Square,75,75,https://www.flickr.com/photos/michael_hamburg/52865304046/sizes/sq/
52865304966,universitydinner-008,194535189@N08,65535,,https://live.staticflickr.com/65535/52865304966_ec96a62997_s.jpg,Square,75,75,https://www.flickr.com/photos/keylor19/52865304966/sizes/sq/
52865468489,universitydinner-021,194535189@N08,65535,,https://live.staticflickr.com/65535/52865468489_9483c8d549_s.jpg,Square,75,75,https://www.flickr.com/photos/keylor19/52865468489/sizes/sq/
52865740118,universitydinner-028,194535189@N08,65535,,https://live.staticflickr.com/65535/52865740118_da3576d68d_s.jpg,Square,75,75,https://www.flickr.com/photos/keylor19/52865740118/sizes/sq/
52865304101,universitydinner-057,194535189@N08,65535,,https://live.staticflickr.com/65535/52865304101_2c5fe24476_s.jpg,Square,75,75,https://www.flickr.com/photos/keylor19/52865304101/sizes/sq/
52865738863,universitydinner-093,194535189@N08,65535,,https://live.staticflickr.com/65535/52865738863_f23bae2f05_s.jpg,Square,75,75,https://www.flickr.com/photos/keylor19/52865738863/sizes/sq/
52865232604,Esports-165,194535189@N08,65535,,https://live.staticflickr.com/65535/52865232604_de9f64d802_s.jpg,Square,75,75,https://www.flickr.com/photos/keylor19/52865232604/sizes/sq/
52865430985,Esports-161,194535189@N08,65535,,https://live.staticflickr.com/65535/52865430985_90b7e02875_s.jpg,Square,75,75,https://www.flickr.com/photos/keylor19/52865430985/sizes/sq/
52864292032,Esports-225,194535189@N08,65535,,https://live.staticflickr.com/65535/52864292032_95edd230b1_s.jpg,Square,75,75,https://www.flickr.com/photos/keylor19/52864292032/sizes/sq/
